khipu_id,total_cords,max_level,total_tests,total_matches,overall_match_rate,has_multi_level_summation,levels_tested,level_statistics,error
1000000,18.0,2.0,4.0,0.0,0.0,False,1.0,"{'level_2.0': {'tests_performed': 4, 'matches': 0, 'match_rate': 0.0, 'avg_difference': 119.75, 'avg_confidence': 1.0}}",
1000001,6.0,1.0,0.0,0.0,0.0,False,0.0,{},
1000002,30.0,2.0,6.0,0.0,0.0,False,1.0,"{'level_2.0': {'tests_performed': 6, 'matches': 0, 'match_rate': 0.0, 'avg_difference': 494.6666666666667, 'avg_confidence': 1.0}}",
1000003,38.0,2.0,5.0,0.0,0.0,False,1.0,"{'level_2.0': {'tests_performed': 5, 'matches': 0, 'match_rate': 0.0, 'avg_difference': 284.0, 'avg_confidence': 0.9199999999999999}}",
1000004,176.0,2.0,15.0,0.0,0.0,False,1.0,"{'level_2.0': {'tests_performed': 15, 'matches': 0, 'match_rate': 0.0, 'avg_difference': 170.46666666666667, 'avg_confidence': 1.0}}",
1000005,62.0,2.0,4.0,0.0,0.0,False,1.0,"{'level_2.0': {'tests_performed': 4, 'matches': 0, 'match_rate': 0.0, 'avg_difference': 360.25, 'avg_confidence': 1.0}}",
1000006,80.0,3.0,9.0,1.0,0.1111111111111111,False,1.0,"{'level_2.0': {'tests_performed': 9, 'matches': 1, 'match_rate': 0.1111111111111111, 'avg_difference': 14.0, 'avg_confidence': 1.0}}",
1000007,343.0,3.0,101.0,2.0,0.019801980198019802,True,2.0,"{'level_2.0': {'tests_performed': 80, 'matches': 1, 'match_rate': 0.0125, 'avg_difference': nan, 'avg_confidence': 0.996875}, 'level_3.0': {'tests_performed': 21, 'matches': 1, 'match_rate': 0.047619047619047616, 'avg_difference': 87.14285714285714, 'avg_confidence': 1.0}}",
1000008,59.0,3.0,12.0,0.0,0.0,True,2.0,"{'level_2.0': {'tests_performed': 9, 'matches': 0, 'match_rate': 0.0, 'avg_difference': 255.55555555555554, 'avg_confidence': 1.0}, 'level_3.0': {'tests_performed': 3, 'matches': 0, 'match_rate': 0.0, 'avg_difference': 53.0, 'avg_confidence': 1.0}}",
1000009,126.0,3.0,37.0,1.0,0.02702702702702703,True,2.0,"{'level_2.0': {'tests_performed': 23, 'matches': 0, 'match_rate': 0.0, 'avg_difference': nan, 'avg_confidence': 0.9910326086956521}, 'level_3.0': {'tests_performed': 14, 'matches': 1, 'match_rate': 0.07142857142857142, 'avg_difference': nan, 'avg_confidence': 1.0}}",
1000010,88.0,3.0,6.0,0.0,0.0,True,2.0,"{'level_2.0': {'tests_performed': 3, 'matches': 0, 'match_rate': 0.0, 'avg_difference': nan, 'avg_confidence': 0.9633333333333334}, 'level_3.0': {'tests_performed': 3, 'matches': 0, 'match_rate': 0.0, 'avg_difference': 613.6666666666666, 'avg_confidence': 1.0}}",
1000011,44.0,2.0,13.0,2.0,0.15384615384615385,False,1.0,"{'level_2.0': {'tests_performed': 13, 'matches': 2, 'match_rate': 0.15384615384615385, 'avg_difference': nan, 'avg_confidence': 1.0}}",
1000012,116.0,3.0,32.0,0.0,0.0,True,2.0,"{'level_2.0': {'tests_performed': 28, 'matches': 0, 'match_rate': 0.0, 'avg_difference': 314.17857142857144, 'avg_confidence': 1.0}, 'level_3.0': {'tests_performed': 4, 'matches': 0, 'match_rate': 0.0, 'avg_difference': 282.5, 'avg_confidence': 1.0}}",
1000013,30.0,1.0,0.0,0.0,0.0,False,0.0,{},
1000014,37.0,1.0,0.0,0.0,0.0,False,0.0,{},
1000015,32.0,2.0,0.0,0.0,0.0,False,0.0,{},
1000017,39.0,2.0,7.0,0.0,0.0,False,1.0,"{'level_2.0': {'tests_performed': 7, 'matches': 0, 'match_rate': 0.0, 'avg_difference': 73.0, 'avg_confidence': 1.0}}",
1000018,442.0,3.0,124.0,9.0,0.07258064516129033,True,2.0,"{'level_2.0': {'tests_performed': 122, 'matches': 9, 'match_rate': 0.07377049180327869, 'avg_difference': nan, 'avg_confidence': 1.0}, 'level_3.0': {'tests_performed': 2, 'matches': 0, 'match_rate': 0.0, 'avg_difference': nan, 'avg_confidence': 1.0}}",
1000019,164.0,2.0,9.0,4.0,0.4444444444444444,False,1.0,"{'level_2.0': {'tests_performed': 9, 'matches': 4, 'match_rate': 0.4444444444444444, 'avg_difference': nan, 'avg_confidence': 1.0}}",
1000020,769.0,5.0,188.0,36.0,0.19148936170212766,True,4.0,"{'level_2.0': {'tests_performed': 118, 'matches': 13, 'match_rate': 0.11016949152542373, 'avg_difference': nan, 'avg_confidence': 0.9976694915254237}, 'level_3.0': {'tests_performed': 63, 'matches': 21, 'match_rate': 0.3333333333333333, 'avg_difference': nan, 'avg_confidence': 1.0}, 'level_4.0': {'tests_performed': 6, 'matches': 2, 'match_rate': 0.3333333333333333, 'avg_difference': nan, 'avg_confidence': 1.0}, 'level_5.0': {'tests_performed': 1, 'matches': 0, 'match_rate': 0.0, 'avg_difference': 39.0, 'avg_confidence': 1.0}}",
1000021,122.0,2.0,23.0,16.0,0.6956521739130435,True,2.0,"{'level_-2.0': {'tests_performed': 1, 'matches': 0, 'match_rate': 0.0, 'avg_difference': 90.0, 'avg_confidence': 1.0}, 'level_2.0': {'tests_performed': 22, 'matches': 16, 'match_rate': 0.7272727272727273, 'avg_difference': 33.18181818181818, 'avg_confidence': 1.0}}",
1000022,162.0,2.0,18.0,12.0,0.6666666666666666,False,1.0,"{'level_2.0': {'tests_performed': 18, 'matches': 12, 'match_rate': 0.6666666666666666, 'avg_difference': nan, 'avg_confidence': 1.0}}",
1000023,572.0,3.0,75.0,8.0,0.10666666666666667,True,2.0,"{'level_2.0': {'tests_performed': 60, 'matches': 7, 'match_rate': 0.11666666666666667, 'avg_difference': nan, 'avg_confidence': 1.0}, 'level_3.0': {'tests_performed': 15, 'matches': 1, 'match_rate': 0.06666666666666667, 'avg_difference': 201.66666666666666, 'avg_confidence': 1.0}}",
1000024,573.0,3.0,76.0,5.0,0.06578947368421052,True,3.0,"{'level_-2.0': {'tests_performed': 2, 'matches': 0, 'match_rate': 0.0, 'avg_difference': 349.5, 'avg_confidence': 1.0}, 'level_2.0': {'tests_performed': 71, 'matches': 5, 'match_rate': 0.07042253521126761, 'avg_difference': nan, 'avg_confidence': 1.0}, 'level_3.0': {'tests_performed': 3, 'matches': 0, 'match_rate': 0.0, 'avg_difference': nan, 'avg_confidence': 1.0}}",
1000025,874.0,3.0,102.0,10.0,0.09803921568627451,True,3.0,"{'level_-2.0': {'tests_performed': 1, 'matches': 0, 'match_rate': 0.0, 'avg_difference': nan, 'avg_confidence': 1.0}, 'level_2.0': {'tests_performed': 83, 'matches': 9, 'match_rate': 0.10843373493975904, 'avg_difference': nan, 'avg_confidence': 1.0}, 'level_3.0': {'tests_performed': 18, 'matches': 1, 'match_rate': 0.05555555555555555, 'avg_difference': nan, 'avg_confidence': 1.0}}",
1000026,18.0,2.0,7.0,0.0,0.0,False,1.0,"{'level_2.0': {'tests_performed': 7, 'matches': 0, 'match_rate': 0.0, 'avg_difference': 52.857142857142854, 'avg_confidence': 1.0}}",
1000027,20.0,2.0,3.0,0.0,0.0,False,1.0,"{'level_2.0': {'tests_performed': 3, 'matches': 0, 'match_rate': 0.0, 'avg_difference': nan, 'avg_confidence': 1.0}}",
1000028,21.0,2.0,4.0,1.0,0.25,False,1.0,"{'level_2.0': {'tests_performed': 4, 'matches': 1, 'match_rate': 0.25, 'avg_difference': 22.0, 'avg_confidence': 1.0}}",
1000029,253.0,3.0,26.0,2.0,0.07692307692307693,True,2.0,"{'level_2.0': {'tests_performed': 25, 'matches': 2, 'match_rate': 0.08, 'avg_difference': nan, 'avg_confidence': 1.0}, 'level_3.0': {'tests_performed': 1, 'matches': 0, 'match_rate': 0.0, 'avg_difference': 480.0, 'avg_confidence': 1.0}}",
1000030,28.0,2.0,9.0,0.0,0.0,False,1.0,"{'level_2.0': {'tests_performed': 9, 'matches': 0, 'match_rate': 0.0, 'avg_difference': 67.22222222222223, 'avg_confidence': 1.0}}",
1000031,14.0,1.0,0.0,0.0,0.0,False,0.0,{},
1000032,143.0,2.0,40.0,0.0,0.0,False,1.0,"{'level_2.0': {'tests_performed': 40, 'matches': 0, 'match_rate': 0.0, 'avg_difference': 634.35, 'avg_confidence': 0.9962500000000001}}",
1000033,68.0,2.0,6.0,1.0,0.16666666666666666,False,1.0,"{'level_2.0': {'tests_performed': 6, 'matches': 1, 'match_rate': 0.16666666666666666, 'avg_difference': 49.833333333333336, 'avg_confidence': 1.0}}",
1000034,100.0,2.0,30.0,2.0,0.06666666666666667,True,2.0,"{'level_-2.0': {'tests_performed': 2, 'matches': 0, 'match_rate': 0.0, 'avg_difference': 34.0, 'avg_confidence': 1.0}, 'level_2.0': {'tests_performed': 28, 'matches': 2, 'match_rate': 0.07142857142857142, 'avg_difference': 53.57142857142857, 'avg_confidence': 1.0}}",
1000035,36.0,2.0,12.0,2.0,0.16666666666666666,False,1.0,"{'level_2.0': {'tests_performed': 12, 'matches': 2, 'match_rate': 0.16666666666666666, 'avg_difference': 51.666666666666664, 'avg_confidence': 1.0}}",
1000036,20.0,1.0,0.0,0.0,0.0,False,0.0,{},
1000037,37.0,2.0,5.0,0.0,0.0,True,2.0,"{'level_-2.0': {'tests_performed': 1, 'matches': 0, 'match_rate': 0.0, 'avg_difference': 570.0, 'avg_confidence': 1.0}, 'level_2.0': {'tests_performed': 4, 'matches': 0, 'match_rate': 0.0, 'avg_difference': 120.0, 'avg_confidence': 1.0}}",
1000038,5.0,2.0,2.0,0.0,0.0,False,1.0,"{'level_2.0': {'tests_performed': 2, 'matches': 0, 'match_rate': 0.0, 'avg_difference': nan, 'avg_confidence': 1.0}}",
1000039,64.0,1.0,0.0,0.0,0.0,False,0.0,{},
1000040,101.0,2.0,12.0,1.0,0.08333333333333333,False,1.0,"{'level_2.0': {'tests_performed': 12, 'matches': 1, 'match_rate': 0.08333333333333333, 'avg_difference': 233.25, 'avg_confidence': 1.0}}",
1000041,48.0,1.0,0.0,0.0,0.0,False,0.0,{},
1000042,73.0,2.0,7.0,0.0,0.0,False,1.0,"{'level_2.0': {'tests_performed': 7, 'matches': 0, 'match_rate': 0.0, 'avg_difference': 251.42857142857142, 'avg_confidence': 1.0}}",
1000043,21.0,2.0,9.0,0.0,0.0,False,1.0,"{'level_2.0': {'tests_performed': 9, 'matches': 0, 'match_rate': 0.0, 'avg_difference': 466.6666666666667, 'avg_confidence': 1.0}}",
1000044,28.0,2.0,12.0,0.0,0.0,False,1.0,"{'level_2.0': {'tests_performed': 12, 'matches': 0, 'match_rate': 0.0, 'avg_difference': 258.3333333333333, 'avg_confidence': 1.0}}",
1000045,314.0,2.0,32.0,2.0,0.0625,False,1.0,"{'level_2.0': {'tests_performed': 32, 'matches': 2, 'match_rate': 0.0625, 'avg_difference': 247.03125, 'avg_confidence': 1.0}}",
1000046,20.0,2.0,1.0,0.0,0.0,False,1.0,"{'level_2.0': {'tests_performed': 1, 'matches': 0, 'match_rate': 0.0, 'avg_difference': 140.0, 'avg_confidence': 1.0}}",
1000047,71.0,2.0,26.0,0.0,0.0,False,1.0,"{'level_2.0': {'tests_performed': 26, 'matches': 0, 'match_rate': 0.0, 'avg_difference': nan, 'avg_confidence': 1.0}}",
1000048,21.0,1.0,0.0,0.0,0.0,False,0.0,{},
1000049,22.0,2.0,9.0,0.0,0.0,False,1.0,"{'level_2.0': {'tests_performed': 9, 'matches': 0, 'match_rate': 0.0, 'avg_difference': nan, 'avg_confidence': 1.0}}",
1000050,54.0,2.0,5.0,0.0,0.0,False,1.0,"{'level_2.0': {'tests_performed': 5, 'matches': 0, 'match_rate': 0.0, 'avg_difference': 339.8, 'avg_confidence': 1.0}}",
1000051,29.0,1.0,0.0,0.0,0.0,False,0.0,{},
1000052,42.0,3.0,7.0,1.0,0.14285714285714285,True,2.0,"{'level_2.0': {'tests_performed': 6, 'matches': 1, 'match_rate': 0.16666666666666666, 'avg_difference': 31.0, 'avg_confidence': 1.0}, 'level_3.0': {'tests_performed': 1, 'matches': 0, 'match_rate': 0.0, 'avg_difference': 49.0, 'avg_confidence': 1.0}}",
1000053,287.0,1.0,0.0,0.0,0.0,False,0.0,{},
1000054,20.0,1.0,0.0,0.0,0.0,False,0.0,{},
1000055,11.0,2.0,4.0,0.0,0.0,False,1.0,"{'level_2.0': {'tests_performed': 4, 'matches': 0, 'match_rate': 0.0, 'avg_difference': 225.0, 'avg_confidence': 1.0}}",
1000056,42.0,1.0,0.0,0.0,0.0,False,0.0,{},
1000057,163.0,1.0,0.0,0.0,0.0,False,0.0,{},
1000058,53.0,2.0,15.0,0.0,0.0,False,1.0,"{'level_2.0': {'tests_performed': 15, 'matches': 0, 'match_rate': 0.0, 'avg_difference': 146.46666666666667, 'avg_confidence': 1.0}}",
1000059,15.0,2.0,2.0,0.0,0.0,False,1.0,"{'level_2.0': {'tests_performed': 2, 'matches': 0, 'match_rate': 0.0, 'avg_difference': 394.5, 'avg_confidence': 1.0}}",
1000060,27.0,3.0,10.0,1.0,0.1,True,2.0,"{'level_2.0': {'tests_performed': 9, 'matches': 1, 'match_rate': 0.1111111111111111, 'avg_difference': 127.55555555555556, 'avg_confidence': 0.8777777777777778}, 'level_3.0': {'tests_performed': 1, 'matches': 0, 'match_rate': 0.0, 'avg_difference': 200.0, 'avg_confidence': 1.0}}",
1000061,7.0,3.0,2.0,0.0,0.0,True,2.0,"{'level_2.0': {'tests_performed': 1, 'matches': 0, 'match_rate': 0.0, 'avg_difference': 400.0, 'avg_confidence': 1.0}, 'level_3.0': {'tests_performed': 1, 'matches': 0, 'match_rate': 0.0, 'avg_difference': 540.0, 'avg_confidence': 1.0}}",
1000062,7.0,3.0,2.0,0.0,0.0,True,2.0,"{'level_2.0': {'tests_performed': 1, 'matches': 0, 'match_rate': 0.0, 'avg_difference': 400.0, 'avg_confidence': 1.0}, 'level_3.0': {'tests_performed': 1, 'matches': 0, 'match_rate': 0.0, 'avg_difference': 500.0, 'avg_confidence': 1.0}}",
1000063,357.0,2.0,18.0,1.0,0.05555555555555555,False,1.0,"{'level_2.0': {'tests_performed': 18, 'matches': 1, 'match_rate': 0.05555555555555555, 'avg_difference': nan, 'avg_confidence': 1.0}}",
1000064,23.0,1.0,0.0,0.0,0.0,False,0.0,{},
1000065,101.0,1.0,0.0,0.0,0.0,False,0.0,{},
1000066,7.0,1.0,0.0,0.0,0.0,False,0.0,{},
1000067,13.0,2.0,1.0,0.0,0.0,False,1.0,"{'level_2.0': {'tests_performed': 1, 'matches': 0, 'match_rate': 0.0, 'avg_difference': 1320.0, 'avg_confidence': 1.0}}",
1000068,8.0,1.0,0.0,0.0,0.0,False,0.0,{},
1000069,6.0,2.0,1.0,0.0,0.0,False,1.0,"{'level_2.0': {'tests_performed': 1, 'matches': 0, 'match_rate': 0.0, 'avg_difference': 100.0, 'avg_confidence': 1.0}}",
1000070,11.0,2.0,2.0,0.0,0.0,False,1.0,"{'level_2.0': {'tests_performed': 2, 'matches': 0, 'match_rate': 0.0, 'avg_difference': 780.5, 'avg_confidence': 1.0}}",
1000071,55.0,1.0,0.0,0.0,0.0,False,0.0,{},
1000072,13.0,1.0,0.0,0.0,0.0,False,0.0,{},
1000073,11.0,1.0,0.0,0.0,0.0,False,0.0,{},
1000074,20.0,2.0,1.0,0.0,0.0,False,1.0,"{'level_2.0': {'tests_performed': 1, 'matches': 0, 'match_rate': 0.0, 'avg_difference': nan, 'avg_confidence': 0.9710000000000001}}",
1000075,11.0,2.0,3.0,0.0,0.0,False,1.0,"{'level_2.0': {'tests_performed': 3, 'matches': 0, 'match_rate': 0.0, 'avg_difference': 1300.0, 'avg_confidence': 1.0}}",
1000076,36.0,2.0,4.0,0.0,0.0,False,1.0,"{'level_2.0': {'tests_performed': 4, 'matches': 0, 'match_rate': 0.0, 'avg_difference': 1475.0, 'avg_confidence': 1.0}}",
1000077,281.0,2.0,1.0,0.0,0.0,False,1.0,"{'level_2.0': {'tests_performed': 1, 'matches': 0, 'match_rate': 0.0, 'avg_difference': 20.0, 'avg_confidence': 1.0}}",
1000078,9.0,2.0,1.0,0.0,0.0,False,1.0,"{'level_2.0': {'tests_performed': 1, 'matches': 0, 'match_rate': 0.0, 'avg_difference': 500.0, 'avg_confidence': 1.0}}",
1000079,94.0,2.0,10.0,1.0,0.1,False,1.0,"{'level_2.0': {'tests_performed': 10, 'matches': 1, 'match_rate': 0.1, 'avg_difference': nan, 'avg_confidence': 1.0}}",
1000080,35.0,1.0,0.0,0.0,0.0,False,0.0,{},
1000081,28.0,2.0,4.0,0.0,0.0,False,1.0,"{'level_2.0': {'tests_performed': 4, 'matches': 0, 'match_rate': 0.0, 'avg_difference': 610.0, 'avg_confidence': 1.0}}",
1000082,16.0,1.0,0.0,0.0,0.0,False,0.0,{},
1000083,157.0,3.0,35.0,3.0,0.08571428571428572,True,2.0,"{'level_2.0': {'tests_performed': 26, 'matches': 0, 'match_rate': 0.0, 'avg_difference': 301.53846153846155, 'avg_confidence': 1.0}, 'level_3.0': {'tests_performed': 9, 'matches': 3, 'match_rate': 0.3333333333333333, 'avg_difference': 146.44444444444446, 'avg_confidence': 1.0}}",
1000084,6.0,1.0,0.0,0.0,0.0,False,0.0,{},
1000085,289.0,2.0,10.0,1.0,0.1,False,1.0,"{'level_2.0': {'tests_performed': 10, 'matches': 1, 'match_rate': 0.1, 'avg_difference': 128.9, 'avg_confidence': 1.0}}",
1000086,14.0,1.0,0.0,0.0,0.0,False,0.0,{},
1000087,28.0,2.0,12.0,7.0,0.5833333333333334,False,1.0,"{'level_2.0': {'tests_performed': 12, 'matches': 7, 'match_rate': 0.5833333333333334, 'avg_difference': 15.583333333333334, 'avg_confidence': 1.0}}",
1000088,195.0,1.0,0.0,0.0,0.0,False,0.0,{},
1000089,287.0,2.0,81.0,2.0,0.024691358024691357,False,1.0,"{'level_2.0': {'tests_performed': 81, 'matches': 2, 'match_rate': 0.024691358024691357, 'avg_difference': nan, 'avg_confidence': 0.9975308641975308}}",
1000090,15.0,2.0,2.0,0.0,0.0,False,1.0,"{'level_2.0': {'tests_performed': 2, 'matches': 0, 'match_rate': 0.0, 'avg_difference': nan, 'avg_confidence': 1.0}}",
1000091,49.0,2.0,2.0,0.0,0.0,False,1.0,"{'level_2.0': {'tests_performed': 2, 'matches': 0, 'match_rate': 0.0, 'avg_difference': 595.0, 'avg_confidence': 1.0}}",
1000092,13.0,1.0,0.0,0.0,0.0,False,0.0,{},
1000093,23.0,2.0,1.0,1.0,1.0,False,1.0,"{'level_2.0': {'tests_performed': 1, 'matches': 1, 'match_rate': 1.0, 'avg_difference': 0.0, 'avg_confidence': 1.0}}",
1000094,285.0,3.0,80.0,0.0,0.0,True,2.0,"{'level_2.0': {'tests_performed': 79, 'matches': 0, 'match_rate': 0.0, 'avg_difference': 317.2911392405063, 'avg_confidence': 1.0}, 'level_3.0': {'tests_performed': 1, 'matches': 0, 'match_rate': 0.0, 'avg_difference': 539.0, 'avg_confidence': 1.0}}",
1000096,1831.0,3.0,94.0,3.0,0.031914893617021274,True,2.0,"{'level_2.0': {'tests_performed': 86, 'matches': 3, 'match_rate': 0.03488372093023256, 'avg_difference': nan, 'avg_confidence': 0.9860465116279069}, 'level_3.0': {'tests_performed': 8, 'matches': 0, 'match_rate': 0.0, 'avg_difference': nan, 'avg_confidence': 1.0}}",
1000097,87.0,3.0,17.0,0.0,0.0,True,2.0,"{'level_2.0': {'tests_performed': 15, 'matches': 0, 'match_rate': 0.0, 'avg_difference': nan, 'avg_confidence': 1.0}, 'level_3.0': {'tests_performed': 2, 'matches': 0, 'match_rate': 0.0, 'avg_difference': 529.5, 'avg_confidence': 1.0}}",
1000098,49.0,2.0,9.0,0.0,0.0,False,1.0,"{'level_2.0': {'tests_performed': 9, 'matches': 0, 'match_rate': 0.0, 'avg_difference': nan, 'avg_confidence': 1.0}}",
1000099,43.0,1.0,0.0,0.0,0.0,False,0.0,{},
1000100,25.0,1.0,0.0,0.0,0.0,False,0.0,{},
1000101,28.0,2.0,3.0,0.0,0.0,False,1.0,"{'level_2.0': {'tests_performed': 3, 'matches': 0, 'match_rate': 0.0, 'avg_difference': nan, 'avg_confidence': 1.0}}",
1000103,541.0,2.0,83.0,16.0,0.1927710843373494,False,1.0,"{'level_2.0': {'tests_performed': 83, 'matches': 16, 'match_rate': 0.1927710843373494, 'avg_difference': nan, 'avg_confidence': 1.0}}",
1000105,12.0,1.0,0.0,0.0,0.0,False,0.0,{},
1000106,18.0,1.0,0.0,0.0,0.0,False,0.0,{},
1000107,15.0,1.0,0.0,0.0,0.0,False,0.0,{},
1000108,25.0,1.0,0.0,0.0,0.0,False,0.0,{},
1000109,10.0,3.0,2.0,0.0,0.0,False,1.0,"{'level_2.0': {'tests_performed': 2, 'matches': 0, 'match_rate': 0.0, 'avg_difference': 275.5, 'avg_confidence': 1.0}}",
1000110,21.0,1.0,0.0,0.0,0.0,False,0.0,{},
1000111,11.0,2.0,1.0,0.0,0.0,False,1.0,"{'level_2.0': {'tests_performed': 1, 'matches': 0, 'match_rate': 0.0, 'avg_difference': 80.0, 'avg_confidence': 1.0}}",
1000112,4.0,1.0,0.0,0.0,0.0,False,0.0,{},
1000113,35.0,1.0,0.0,0.0,0.0,False,0.0,{},
1000114,14.0,2.0,1.0,0.0,0.0,False,1.0,"{'level_2.0': {'tests_performed': 1, 'matches': 0, 'match_rate': 0.0, 'avg_difference': 700.0, 'avg_confidence': 1.0}}",
1000115,190.0,2.0,6.0,0.0,0.0,False,1.0,"{'level_2.0': {'tests_performed': 6, 'matches': 0, 'match_rate': 0.0, 'avg_difference': 950.8333333333334, 'avg_confidence': 1.0}}",
1000116,20.0,1.0,0.0,0.0,0.0,False,0.0,{},
1000117,18.0,2.0,4.0,0.0,0.0,False,1.0,"{'level_2.0': {'tests_performed': 4, 'matches': 0, 'match_rate': 0.0, 'avg_difference': nan, 'avg_confidence': 1.0}}",
1000118,30.0,1.0,0.0,0.0,0.0,False,0.0,{},
1000119,62.0,1.0,0.0,0.0,0.0,False,0.0,{},
1000120,90.0,2.0,2.0,0.0,0.0,False,1.0,"{'level_2.0': {'tests_performed': 2, 'matches': 0, 'match_rate': 0.0, 'avg_difference': 485.0, 'avg_confidence': 1.0}}",
1000121,123.0,2.0,11.0,0.0,0.0,False,1.0,"{'level_2.0': {'tests_performed': 11, 'matches': 0, 'match_rate': 0.0, 'avg_difference': 155.63636363636363, 'avg_confidence': 1.0}}",
1000122,18.0,1.0,0.0,0.0,0.0,False,0.0,{},
1000123,20.0,1.0,0.0,0.0,0.0,False,0.0,{},
1000124,112.0,1.0,0.0,0.0,0.0,False,0.0,{},
1000125,41.0,3.0,11.0,0.0,0.0,True,2.0,"{'level_2.0': {'tests_performed': 10, 'matches': 0, 'match_rate': 0.0, 'avg_difference': 457.0, 'avg_confidence': 1.0}, 'level_3.0': {'tests_performed': 1, 'matches': 0, 'match_rate': 0.0, 'avg_difference': 319.0, 'avg_confidence': 1.0}}",
1000126,47.0,3.0,18.0,2.0,0.1111111111111111,True,2.0,"{'level_2.0': {'tests_performed': 14, 'matches': 1, 'match_rate': 0.07142857142857142, 'avg_difference': nan, 'avg_confidence': 1.0}, 'level_3.0': {'tests_performed': 4, 'matches': 1, 'match_rate': 0.25, 'avg_difference': 12.25, 'avg_confidence': 1.0}}",
1000127,118.0,2.0,23.0,0.0,0.0,False,1.0,"{'level_2.0': {'tests_performed': 23, 'matches': 0, 'match_rate': 0.0, 'avg_difference': 479.6521739130435, 'avg_confidence': 1.0}}",
1000128,40.0,2.0,15.0,1.0,0.06666666666666667,False,1.0,"{'level_2.0': {'tests_performed': 15, 'matches': 1, 'match_rate': 0.06666666666666667, 'avg_difference': 61.86666666666667, 'avg_confidence': 1.0}}",
1000129,3.0,1.0,0.0,0.0,0.0,False,0.0,{},
1000130,9.0,2.0,2.0,0.0,0.0,False,1.0,"{'level_2.0': {'tests_performed': 2, 'matches': 0, 'match_rate': 0.0, 'avg_difference': 30.0, 'avg_confidence': 1.0}}",
1000131,65.0,1.0,0.0,0.0,0.0,False,0.0,{},
1000132,34.0,2.0,16.0,1.0,0.0625,False,1.0,"{'level_2.0': {'tests_performed': 16, 'matches': 1, 'match_rate': 0.0625, 'avg_difference': nan, 'avg_confidence': 1.0}}",
1000133,18.0,1.0,0.0,0.0,0.0,False,0.0,{},
1000134,8.0,1.0,0.0,0.0,0.0,False,0.0,{},
1000135,16.0,1.0,0.0,0.0,0.0,False,0.0,{},
1000136,5.0,1.0,0.0,0.0,0.0,False,0.0,{},
1000137,27.0,2.0,1.0,1.0,1.0,False,1.0,"{'level_2.0': {'tests_performed': 1, 'matches': 1, 'match_rate': 1.0, 'avg_difference': 0.0, 'avg_confidence': 1.0}}",
1000138,33.0,2.0,10.0,1.0,0.1,False,1.0,"{'level_2.0': {'tests_performed': 10, 'matches': 1, 'match_rate': 0.1, 'avg_difference': 167.9, 'avg_confidence': 1.0}}",
1000139,21.0,2.0,2.0,0.0,0.0,False,1.0,"{'level_2.0': {'tests_performed': 2, 'matches': 0, 'match_rate': 0.0, 'avg_difference': 294.5, 'avg_confidence': 1.0}}",
1000140,362.0,3.0,89.0,4.0,0.0449438202247191,True,2.0,"{'level_2.0': {'tests_performed': 82, 'matches': 3, 'match_rate': 0.036585365853658534, 'avg_difference': nan, 'avg_confidence': 1.0}, 'level_3.0': {'tests_performed': 7, 'matches': 1, 'match_rate': 0.14285714285714285, 'avg_difference': 131.0, 'avg_confidence': 1.0}}",
1000141,9.0,1.0,0.0,0.0,0.0,False,0.0,{},
1000142,18.0,1.0,0.0,0.0,0.0,False,0.0,{},
1000143,30.0,1.0,0.0,0.0,0.0,False,0.0,{},
1000144,125.0,3.0,22.0,1.0,0.045454545454545456,True,2.0,"{'level_2.0': {'tests_performed': 21, 'matches': 1, 'match_rate': 0.047619047619047616, 'avg_difference': nan, 'avg_confidence': 1.0}, 'level_3.0': {'tests_performed': 1, 'matches': 0, 'match_rate': 0.0, 'avg_difference': 570.0, 'avg_confidence': 1.0}}",
1000145,24.0,2.0,1.0,0.0,0.0,False,1.0,"{'level_2.0': {'tests_performed': 1, 'matches': 0, 'match_rate': 0.0, 'avg_difference': 200.0, 'avg_confidence': 1.0}}",
1000146,59.0,4.0,24.0,1.0,0.041666666666666664,True,3.0,"{'level_2.0': {'tests_performed': 22, 'matches': 1, 'match_rate': 0.045454545454545456, 'avg_difference': nan, 'avg_confidence': 1.0}, 'level_3.0': {'tests_performed': 1, 'matches': 0, 'match_rate': 0.0, 'avg_difference': 48.0, 'avg_confidence': 1.0}, 'level_4.0': {'tests_performed': 1, 'matches': 0, 'match_rate': 0.0, 'avg_difference': 199.0, 'avg_confidence': 1.0}}",
1000147,338.0,4.0,80.0,1.0,0.0125,True,3.0,"{'level_2.0': {'tests_performed': 66, 'matches': 1, 'match_rate': 0.015151515151515152, 'avg_difference': nan, 'avg_confidence': 1.0}, 'level_3.0': {'tests_performed': 11, 'matches': 0, 'match_rate': 0.0, 'avg_difference': nan, 'avg_confidence': 1.0}, 'level_4.0': {'tests_performed': 3, 'matches': 0, 'match_rate': 0.0, 'avg_difference': 153.33333333333334, 'avg_confidence': 1.0}}",
1000148,303.0,3.0,44.0,1.0,0.022727272727272728,True,2.0,"{'level_2.0': {'tests_performed': 35, 'matches': 1, 'match_rate': 0.02857142857142857, 'avg_difference': 303.25714285714287, 'avg_confidence': 1.0}, 'level_3.0': {'tests_performed': 9, 'matches': 0, 'match_rate': 0.0, 'avg_difference': nan, 'avg_confidence': 1.0}}",
1000149,15.0,1.0,0.0,0.0,0.0,False,0.0,{},
1000150,30.0,2.0,1.0,0.0,0.0,False,1.0,"{'level_2.0': {'tests_performed': 1, 'matches': 0, 'match_rate': 0.0, 'avg_difference': nan, 'avg_confidence': 1.0}}",
1000151,28.0,2.0,1.0,0.0,0.0,False,1.0,"{'level_2.0': {'tests_performed': 1, 'matches': 0, 'match_rate': 0.0, 'avg_difference': 200.0, 'avg_confidence': 1.0}}",
1000152,35.0,2.0,5.0,0.0,0.0,False,1.0,"{'level_2.0': {'tests_performed': 5, 'matches': 0, 'match_rate': 0.0, 'avg_difference': 163.6, 'avg_confidence': 1.0}}",
1000154,5.0,1.0,0.0,0.0,0.0,False,0.0,{},
1000155,1.0,1.0,0.0,0.0,0.0,False,0.0,{},
1000156,7.0,2.0,1.0,0.0,0.0,False,1.0,"{'level_2.0': {'tests_performed': 1, 'matches': 0, 'match_rate': 0.0, 'avg_difference': 400.0, 'avg_confidence': 1.0}}",
1000157,9.0,1.0,0.0,0.0,0.0,False,0.0,{},
1000158,30.0,3.0,5.0,0.0,0.0,True,2.0,"{'level_2.0': {'tests_performed': 4, 'matches': 0, 'match_rate': 0.0, 'avg_difference': 27.25, 'avg_confidence': 1.0}, 'level_3.0': {'tests_performed': 1, 'matches': 0, 'match_rate': 0.0, 'avg_difference': 40.0, 'avg_confidence': 1.0}}",
1000159,64.0,2.0,15.0,2.0,0.13333333333333333,False,1.0,"{'level_2.0': {'tests_performed': 15, 'matches': 2, 'match_rate': 0.13333333333333333, 'avg_difference': nan, 'avg_confidence': 0.945}}",
1000160,3.0,1.0,0.0,0.0,0.0,False,0.0,{},
1000161,12.0,1.0,0.0,0.0,0.0,False,0.0,{},
1000162,35.0,2.0,8.0,1.0,0.125,False,1.0,"{'level_2.0': {'tests_performed': 8, 'matches': 1, 'match_rate': 0.125, 'avg_difference': nan, 'avg_confidence': 1.0}}",
1000163,19.0,1.0,0.0,0.0,0.0,False,0.0,{},
1000164,86.0,2.0,0.0,0.0,0.0,False,0.0,{},
1000165,64.0,2.0,27.0,0.0,0.0,False,1.0,"{'level_2.0': {'tests_performed': 27, 'matches': 0, 'match_rate': 0.0, 'avg_difference': 400.0, 'avg_confidence': 1.0}}",
1000166,28.0,1.0,1.0,0.0,0.0,False,1.0,"{'level_-2.0': {'tests_performed': 1, 'matches': 0, 'match_rate': 0.0, 'avg_difference': 150.0, 'avg_confidence': 1.0}}",
1000167,24.0,2.0,9.0,0.0,0.0,False,1.0,"{'level_2.0': {'tests_performed': 9, 'matches': 0, 'match_rate': 0.0, 'avg_difference': 393.3333333333333, 'avg_confidence': 1.0}}",
1000168,3.0,1.0,0.0,0.0,0.0,False,0.0,{},
1000169,20.0,1.0,0.0,0.0,0.0,False,0.0,{},
1000170,49.0,2.0,13.0,5.0,0.38461538461538464,False,1.0,"{'level_2.0': {'tests_performed': 13, 'matches': 5, 'match_rate': 0.38461538461538464, 'avg_difference': nan, 'avg_confidence': 1.0}}",
1000171,15.0,1.0,0.0,0.0,0.0,False,0.0,{},
1000172,27.0,1.0,0.0,0.0,0.0,False,0.0,{},
1000173,8.0,1.0,0.0,0.0,0.0,False,0.0,{},
1000174,25.0,1.0,0.0,0.0,0.0,False,0.0,{},
1000176,38.0,1.0,0.0,0.0,0.0,False,0.0,{},
1000177,23.0,2.0,9.0,0.0,0.0,True,2.0,"{'level_-2.0': {'tests_performed': 1, 'matches': 0, 'match_rate': 0.0, 'avg_difference': 180.0, 'avg_confidence': 1.0}, 'level_2.0': {'tests_performed': 8, 'matches': 0, 'match_rate': 0.0, 'avg_difference': nan, 'avg_confidence': 1.0}}",
1000178,32.0,2.0,12.0,1.0,0.08333333333333333,False,1.0,"{'level_2.0': {'tests_performed': 12, 'matches': 1, 'match_rate': 0.08333333333333333, 'avg_difference': nan, 'avg_confidence': 1.0}}",
1000179,26.0,2.0,5.0,0.0,0.0,False,1.0,"{'level_2.0': {'tests_performed': 5, 'matches': 0, 'match_rate': 0.0, 'avg_difference': nan, 'avg_confidence': 1.0}}",
1000180,105.0,2.0,0.0,0.0,0.0,False,0.0,{},
1000182,3.0,1.0,0.0,0.0,0.0,False,0.0,{},
1000183,589.0,3.0,21.0,2.0,0.09523809523809523,True,2.0,"{'level_2.0': {'tests_performed': 20, 'matches': 1, 'match_rate': 0.05, 'avg_difference': nan, 'avg_confidence': 1.0}, 'level_3.0': {'tests_performed': 1, 'matches': 1, 'match_rate': 1.0, 'avg_difference': 0.0, 'avg_confidence': 1.0}}",
1000184,90.0,1.0,0.0,0.0,0.0,False,0.0,{},
1000185,75.0,3.0,33.0,0.0,0.0,True,2.0,"{'level_2.0': {'tests_performed': 29, 'matches': 0, 'match_rate': 0.0, 'avg_difference': 353.1034482758621, 'avg_confidence': 1.0}, 'level_3.0': {'tests_performed': 4, 'matches': 0, 'match_rate': 0.0, 'avg_difference': 1000.0, 'avg_confidence': 1.0}}",
1000186,12.0,1.0,0.0,0.0,0.0,False,0.0,{},
1000187,11.0,2.0,1.0,0.0,0.0,False,1.0,"{'level_2.0': {'tests_performed': 1, 'matches': 0, 'match_rate': 0.0, 'avg_difference': 220.0, 'avg_confidence': 1.0}}",
1000188,39.0,2.0,10.0,0.0,0.0,False,1.0,"{'level_2.0': {'tests_performed': 10, 'matches': 0, 'match_rate': 0.0, 'avg_difference': nan, 'avg_confidence': 1.0}}",
1000189,10.0,2.0,1.0,0.0,0.0,False,1.0,"{'level_2.0': {'tests_performed': 1, 'matches': 0, 'match_rate': 0.0, 'avg_difference': 100.0, 'avg_confidence': 1.0}}",
1000190,9.0,1.0,0.0,0.0,0.0,False,0.0,{},
1000191,10.0,1.0,0.0,0.0,0.0,False,0.0,{},
1000192,75.0,2.0,9.0,1.0,0.1111111111111111,False,1.0,"{'level_2.0': {'tests_performed': 9, 'matches': 1, 'match_rate': 0.1111111111111111, 'avg_difference': 68.88888888888889, 'avg_confidence': 1.0}}",
1000194,8.0,2.0,1.0,0.0,0.0,False,1.0,"{'level_2.0': {'tests_performed': 1, 'matches': 0, 'match_rate': 0.0, 'avg_difference': 70.0, 'avg_confidence': 1.0}}",
1000195,3.0,1.0,0.0,0.0,0.0,False,0.0,{},
1000196,2.0,1.0,0.0,0.0,0.0,False,0.0,{},
1000197,77.0,2.0,7.0,1.0,0.14285714285714285,False,1.0,"{'level_2.0': {'tests_performed': 7, 'matches': 1, 'match_rate': 0.14285714285714285, 'avg_difference': nan, 'avg_confidence': 1.0}}",
1000198,260.0,3.0,99.0,18.0,0.18181818181818182,True,2.0,"{'level_2.0': {'tests_performed': 84, 'matches': 8, 'match_rate': 0.09523809523809523, 'avg_difference': nan, 'avg_confidence': 1.0}, 'level_3.0': {'tests_performed': 15, 'matches': 10, 'match_rate': 0.6666666666666666, 'avg_difference': 33.0, 'avg_confidence': 1.0}}",
1000199,28.0,2.0,7.0,3.0,0.42857142857142855,False,1.0,"{'level_2.0': {'tests_performed': 7, 'matches': 3, 'match_rate': 0.42857142857142855, 'avg_difference': 15.571428571428571, 'avg_confidence': 1.0}}",
1000200,56.0,2.0,6.0,0.0,0.0,False,1.0,"{'level_2.0': {'tests_performed': 6, 'matches': 0, 'match_rate': 0.0, 'avg_difference': nan, 'avg_confidence': 1.0}}",
1000201,143.0,4.0,36.0,0.0,0.0,True,3.0,"{'level_2.0': {'tests_performed': 29, 'matches': 0, 'match_rate': 0.0, 'avg_difference': nan, 'avg_confidence': 1.0}, 'level_3.0': {'tests_performed': 6, 'matches': 0, 'match_rate': 0.0, 'avg_difference': 306.1666666666667, 'avg_confidence': 1.0}, 'level_4.0': {'tests_performed': 1, 'matches': 0, 'match_rate': 0.0, 'avg_difference': 419.0, 'avg_confidence': 1.0}}",
1000204,16.0,1.0,0.0,0.0,0.0,False,0.0,{},
1000205,4.0,1.0,0.0,0.0,0.0,False,0.0,{},
1000206,12.0,2.0,3.0,0.0,0.0,False,1.0,"{'level_2.0': {'tests_performed': 3, 'matches': 0, 'match_rate': 0.0, 'avg_difference': 229.33333333333334, 'avg_confidence': 1.0}}",
1000207,38.0,2.0,1.0,0.0,0.0,False,1.0,"{'level_2.0': {'tests_performed': 1, 'matches': 0, 'match_rate': 0.0, 'avg_difference': 70.0, 'avg_confidence': 1.0}}",
1000208,45.0,4.0,16.0,2.0,0.125,True,3.0,"{'level_2.0': {'tests_performed': 12, 'matches': 0, 'match_rate': 0.0, 'avg_difference': nan, 'avg_confidence': 1.0}, 'level_3.0': {'tests_performed': 3, 'matches': 1, 'match_rate': 0.3333333333333333, 'avg_difference': 16.333333333333332, 'avg_confidence': 1.0}, 'level_4.0': {'tests_performed': 1, 'matches': 1, 'match_rate': 1.0, 'avg_difference': 0.0, 'avg_confidence': 1.0}}",
1000209,56.0,3.0,18.0,2.0,0.1111111111111111,True,2.0,"{'level_2.0': {'tests_performed': 16, 'matches': 2, 'match_rate': 0.125, 'avg_difference': 196.1875, 'avg_confidence': 1.0}, 'level_3.0': {'tests_performed': 2, 'matches': 0, 'match_rate': 0.0, 'avg_difference': 35.0, 'avg_confidence': 1.0}}",
1000210,14.0,4.0,3.0,1.0,0.3333333333333333,True,3.0,"{'level_2.0': {'tests_performed': 1, 'matches': 1, 'match_rate': 1.0, 'avg_difference': 1.0, 'avg_confidence': 1.0}, 'level_3.0': {'tests_performed': 1, 'matches': 0, 'match_rate': 0.0, 'avg_difference': 40.0, 'avg_confidence': 1.0}, 'level_4.0': {'tests_performed': 1, 'matches': 0, 'match_rate': 0.0, 'avg_difference': 140.0, 'avg_confidence': 1.0}}",
1000211,29.0,2.0,1.0,0.0,0.0,False,1.0,"{'level_2.0': {'tests_performed': 1, 'matches': 0, 'match_rate': 0.0, 'avg_difference': 330.0, 'avg_confidence': 1.0}}",
1000212,53.0,2.0,10.0,1.0,0.1,False,1.0,"{'level_2.0': {'tests_performed': 10, 'matches': 1, 'match_rate': 0.1, 'avg_difference': nan, 'avg_confidence': 1.0}}",
1000213,36.0,1.0,0.0,0.0,0.0,False,0.0,{},
1000214,45.0,2.0,7.0,1.0,0.14285714285714285,True,2.0,"{'level_-2.0': {'tests_performed': 1, 'matches': 0, 'match_rate': 0.0, 'avg_difference': 300.0, 'avg_confidence': 1.0}, 'level_2.0': {'tests_performed': 6, 'matches': 1, 'match_rate': 0.16666666666666666, 'avg_difference': 237.0, 'avg_confidence': 1.0}}",
1000216,10.0,2.0,0.0,0.0,0.0,False,0.0,{},
1000217,7.0,1.0,0.0,0.0,0.0,False,0.0,{},
1000218,5.0,1.0,0.0,0.0,0.0,False,0.0,{},
1000220,16.0,2.0,1.0,0.0,0.0,False,1.0,"{'level_2.0': {'tests_performed': 1, 'matches': 0, 'match_rate': 0.0, 'avg_difference': 430.0, 'avg_confidence': 1.0}}",
1000221,33.0,1.0,0.0,0.0,0.0,False,0.0,{},
1000222,40.0,2.0,12.0,2.0,0.16666666666666666,False,1.0,"{'level_2.0': {'tests_performed': 12, 'matches': 2, 'match_rate': 0.16666666666666666, 'avg_difference': 37.416666666666664, 'avg_confidence': 1.0}}",
1000223,31.0,2.0,1.0,0.0,0.0,False,1.0,"{'level_2.0': {'tests_performed': 1, 'matches': 0, 'match_rate': 0.0, 'avg_difference': 79.0, 'avg_confidence': 1.0}}",
1000224,5.0,1.0,0.0,0.0,0.0,False,0.0,{},
1000225,8.0,1.0,0.0,0.0,0.0,False,0.0,{},
1000226,6.0,1.0,0.0,0.0,0.0,False,0.0,{},
1000227,51.0,3.0,12.0,4.0,0.3333333333333333,True,2.0,"{'level_2.0': {'tests_performed': 6, 'matches': 0, 'match_rate': 0.0, 'avg_difference': nan, 'avg_confidence': 1.0}, 'level_3.0': {'tests_performed': 6, 'matches': 4, 'match_rate': 0.6666666666666666, 'avg_difference': 9.666666666666666, 'avg_confidence': 1.0}}",
1000228,45.0,1.0,0.0,0.0,0.0,False,0.0,{},
1000229,80.0,2.0,20.0,1.0,0.05,False,1.0,"{'level_2.0': {'tests_performed': 20, 'matches': 1, 'match_rate': 0.05, 'avg_difference': nan, 'avg_confidence': 1.0}}",
1000230,86.0,2.0,20.0,3.0,0.15,False,1.0,"{'level_2.0': {'tests_performed': 20, 'matches': 3, 'match_rate': 0.15, 'avg_difference': nan, 'avg_confidence': 1.0}}",
1000231,45.0,2.0,0.0,0.0,0.0,False,0.0,{},
1000232,35.0,2.0,3.0,0.0,0.0,False,1.0,"{'level_2.0': {'tests_performed': 3, 'matches': 0, 'match_rate': 0.0, 'avg_difference': 125.66666666666667, 'avg_confidence': 1.0}}",
1000233,58.0,2.0,1.0,0.0,0.0,False,1.0,"{'level_2.0': {'tests_performed': 1, 'matches': 0, 'match_rate': 0.0, 'avg_difference': 32.0, 'avg_confidence': 1.0}}",
1000234,56.0,1.0,0.0,0.0,0.0,False,0.0,{},
1000235,81.0,4.0,7.0,0.0,0.0,True,3.0,"{'level_2.0': {'tests_performed': 5, 'matches': 0, 'match_rate': 0.0, 'avg_difference': nan, 'avg_confidence': 1.0}, 'level_3.0': {'tests_performed': 1, 'matches': 0, 'match_rate': 0.0, 'avg_difference': 20.0, 'avg_confidence': 1.0}, 'level_4.0': {'tests_performed': 1, 'matches': 0, 'match_rate': 0.0, 'avg_difference': 60.0, 'avg_confidence': 1.0}}",
1000236,82.0,2.0,2.0,0.0,0.0,False,1.0,"{'level_2.0': {'tests_performed': 2, 'matches': 0, 'match_rate': 0.0, 'avg_difference': nan, 'avg_confidence': 1.0}}",
1000238,326.0,4.0,44.0,2.0,0.045454545454545456,True,3.0,"{'level_2.0': {'tests_performed': 36, 'matches': 2, 'match_rate': 0.05555555555555555, 'avg_difference': nan, 'avg_confidence': 0.9949074074074074}, 'level_3.0': {'tests_performed': 6, 'matches': 0, 'match_rate': 0.0, 'avg_difference': nan, 'avg_confidence': 1.0}, 'level_4.0': {'tests_performed': 2, 'matches': 0, 'match_rate': 0.0, 'avg_difference': 540.0, 'avg_confidence': 1.0}}",
1000239,61.0,3.0,6.0,0.0,0.0,False,1.0,"{'level_2.0': {'tests_performed': 6, 'matches': 0, 'match_rate': 0.0, 'avg_difference': nan, 'avg_confidence': 1.0}}",
1000240,47.0,1.0,0.0,0.0,0.0,False,0.0,{},
1000241,86.0,2.0,0.0,0.0,0.0,False,0.0,{},
1000242,6.0,1.0,0.0,0.0,0.0,False,0.0,{},
1000243,23.0,2.0,1.0,0.0,0.0,False,1.0,"{'level_2.0': {'tests_performed': 1, 'matches': 0, 'match_rate': 0.0, 'avg_difference': 51.0, 'avg_confidence': 1.0}}",
1000244,25.0,2.0,3.0,0.0,0.0,False,1.0,"{'level_2.0': {'tests_performed': 3, 'matches': 0, 'match_rate': 0.0, 'avg_difference': nan, 'avg_confidence': 1.0}}",
1000245,33.0,2.0,0.0,0.0,0.0,False,0.0,{},
1000246,41.0,1.0,0.0,0.0,0.0,False,0.0,{},
1000247,26.0,1.0,0.0,0.0,0.0,False,0.0,{},
1000248,26.0,1.0,0.0,0.0,0.0,False,0.0,{},
1000249,66.0,2.0,4.0,3.0,0.75,False,1.0,"{'level_2.0': {'tests_performed': 4, 'matches': 3, 'match_rate': 0.75, 'avg_difference': 5.25, 'avg_confidence': 1.0}}",
1000250,74.0,1.0,0.0,0.0,0.0,False,0.0,{},
1000251,79.0,2.0,13.0,12.0,0.9230769230769231,False,1.0,"{'level_2.0': {'tests_performed': 13, 'matches': 12, 'match_rate': 0.9230769230769231, 'avg_difference': 20.692307692307693, 'avg_confidence': 1.0}}",
1000252,13.0,1.0,0.0,0.0,0.0,False,0.0,{},
1000253,24.0,1.0,0.0,0.0,0.0,False,0.0,{},
1000254,11.0,1.0,0.0,0.0,0.0,False,0.0,{},
1000255,31.0,2.0,1.0,0.0,0.0,False,1.0,"{'level_2.0': {'tests_performed': 1, 'matches': 0, 'match_rate': 0.0, 'avg_difference': 50.0, 'avg_confidence': 1.0}}",
1000256,14.0,1.0,0.0,0.0,0.0,False,0.0,{},
1000257,7.0,2.0,1.0,0.0,0.0,False,1.0,"{'level_2.0': {'tests_performed': 1, 'matches': 0, 'match_rate': 0.0, 'avg_difference': 39.0, 'avg_confidence': 1.0}}",
1000258,44.0,1.0,0.0,0.0,0.0,False,0.0,{},
1000259,111.0,1.0,0.0,0.0,0.0,False,0.0,{},
1000260,35.0,2.0,2.0,0.0,0.0,False,1.0,"{'level_2.0': {'tests_performed': 2, 'matches': 0, 'match_rate': 0.0, 'avg_difference': 739.5, 'avg_confidence': 1.0}}",
1000261,35.0,2.0,2.0,0.0,0.0,False,1.0,"{'level_2.0': {'tests_performed': 2, 'matches': 0, 'match_rate': 0.0, 'avg_difference': 739.5, 'avg_confidence': 1.0}}",
1000262,73.0,1.0,0.0,0.0,0.0,False,0.0,{},
1000263,74.0,2.0,2.0,0.0,0.0,False,1.0,"{'level_2.0': {'tests_performed': 2, 'matches': 0, 'match_rate': 0.0, 'avg_difference': 114.0, 'avg_confidence': 1.0}}",
1000264,114.0,2.0,2.0,0.0,0.0,False,1.0,"{'level_2.0': {'tests_performed': 2, 'matches': 0, 'match_rate': 0.0, 'avg_difference': 24.0, 'avg_confidence': 1.0}}",
1000265,55.0,2.0,3.0,0.0,0.0,False,1.0,"{'level_2.0': {'tests_performed': 3, 'matches': 0, 'match_rate': 0.0, 'avg_difference': 554.0, 'avg_confidence': 1.0}}",
1000266,54.0,2.0,18.0,2.0,0.1111111111111111,False,1.0,"{'level_2.0': {'tests_performed': 18, 'matches': 2, 'match_rate': 0.1111111111111111, 'avg_difference': 81.0, 'avg_confidence': 1.0}}",
1000267,61.0,1.0,0.0,0.0,0.0,False,0.0,{},
1000268,72.0,1.0,0.0,0.0,0.0,False,0.0,{},
1000269,105.0,2.0,35.0,7.0,0.2,False,1.0,"{'level_2.0': {'tests_performed': 35, 'matches': 7, 'match_rate': 0.2, 'avg_difference': 34.74285714285714, 'avg_confidence': 1.0}}",
1000270,102.0,2.0,25.0,1.0,0.04,False,1.0,"{'level_2.0': {'tests_performed': 25, 'matches': 1, 'match_rate': 0.04, 'avg_difference': 337.8, 'avg_confidence': 0.9890000000000001}}",
1000271,125.0,2.0,22.0,1.0,0.045454545454545456,False,1.0,"{'level_2.0': {'tests_performed': 22, 'matches': 1, 'match_rate': 0.045454545454545456, 'avg_difference': nan, 'avg_confidence': 1.0}}",
1000272,61.0,2.0,1.0,0.0,0.0,False,1.0,"{'level_2.0': {'tests_performed': 1, 'matches': 0, 'match_rate': 0.0, 'avg_difference': 59.0, 'avg_confidence': 1.0}}",
1000273,371.0,2.0,51.0,7.0,0.13725490196078433,False,1.0,"{'level_2.0': {'tests_performed': 51, 'matches': 7, 'match_rate': 0.13725490196078433, 'avg_difference': nan, 'avg_confidence': 1.0}}",
1000274,131.0,2.0,17.0,0.0,0.0,False,1.0,"{'level_2.0': {'tests_performed': 17, 'matches': 0, 'match_rate': 0.0, 'avg_difference': 209.0, 'avg_confidence': 1.0}}",
1000275,288.0,2.0,57.0,1.0,0.017543859649122806,False,1.0,"{'level_2.0': {'tests_performed': 57, 'matches': 1, 'match_rate': 0.017543859649122806, 'avg_difference': nan, 'avg_confidence': 1.0}}",
1000276,8.0,2.0,1.0,0.0,0.0,False,1.0,"{'level_2.0': {'tests_performed': 1, 'matches': 0, 'match_rate': 0.0, 'avg_difference': 100.0, 'avg_confidence': 1.0}}",
1000277,39.0,1.0,0.0,0.0,0.0,False,0.0,{},
1000279,588.0,6.0,219.0,2.0,0.0091324200913242,True,5.0,"{'level_2.0': {'tests_performed': 61, 'matches': 1, 'match_rate': 0.01639344262295082, 'avg_difference': nan, 'avg_confidence': 0.9683879781420764}, 'level_3.0': {'tests_performed': 82, 'matches': 1, 'match_rate': 0.012195121951219513, 'avg_difference': nan, 'avg_confidence': 0.988279132791328}, 'level_4.0': {'tests_performed': 62, 'matches': 0, 'match_rate': 0.0, 'avg_difference': nan, 'avg_confidence': 0.9794354838709678}, 'level_5.0': {'tests_performed': 12, 'matches': 0, 'match_rate': 0.0, 'avg_difference': nan, 'avg_confidence': 1.0}, 'level_6.0': {'tests_performed': 2, 'matches': 0, 'match_rate': 0.0, 'avg_difference': nan, 'avg_confidence': 1.0}}",
1000280,273.0,2.0,73.0,0.0,0.0,False,1.0,"{'level_2.0': {'tests_performed': 73, 'matches': 0, 'match_rate': 0.0, 'avg_difference': 623.986301369863, 'avg_confidence': 1.0}}",
1000283,43.0,2.0,9.0,0.0,0.0,False,1.0,"{'level_2.0': {'tests_performed': 9, 'matches': 0, 'match_rate': 0.0, 'avg_difference': nan, 'avg_confidence': 1.0}}",
1000285,157.0,3.0,40.0,8.0,0.2,True,2.0,"{'level_2.0': {'tests_performed': 39, 'matches': 8, 'match_rate': 0.20512820512820512, 'avg_difference': nan, 'avg_confidence': 1.0}, 'level_3.0': {'tests_performed': 1, 'matches': 0, 'match_rate': 0.0, 'avg_difference': 80.0, 'avg_confidence': 1.0}}",
1000287,260.0,2.0,33.0,2.0,0.06060606060606061,False,1.0,"{'level_2.0': {'tests_performed': 33, 'matches': 2, 'match_rate': 0.06060606060606061, 'avg_difference': nan, 'avg_confidence': 0.9878787878787879}}",
1000288,16.0,2.0,1.0,0.0,0.0,False,1.0,"{'level_2.0': {'tests_performed': 1, 'matches': 0, 'match_rate': 0.0, 'avg_difference': nan, 'avg_confidence': 1.0}}",
1000289,12.0,2.0,1.0,0.0,0.0,False,1.0,"{'level_2.0': {'tests_performed': 1, 'matches': 0, 'match_rate': 0.0, 'avg_difference': 29.0, 'avg_confidence': 1.0}}",
1000290,23.0,2.0,0.0,0.0,0.0,False,0.0,{},
1000291,24.0,1.0,0.0,0.0,0.0,False,0.0,{},
1000292,866.0,4.0,152.0,9.0,0.05921052631578947,True,3.0,"{'level_2.0': {'tests_performed': 132, 'matches': 7, 'match_rate': 0.05303030303030303, 'avg_difference': nan, 'avg_confidence': 0.9945616883116882}, 'level_3.0': {'tests_performed': 19, 'matches': 2, 'match_rate': 0.10526315789473684, 'avg_difference': 75.78947368421052, 'avg_confidence': 0.9894736842105264}, 'level_4.0': {'tests_performed': 1, 'matches': 0, 'match_rate': 0.0, 'avg_difference': 400.0, 'avg_confidence': 0.7200000000000001}}",
1000293,321.0,3.0,68.0,2.0,0.029411764705882353,True,2.0,"{'level_2.0': {'tests_performed': 61, 'matches': 1, 'match_rate': 0.01639344262295082, 'avg_difference': nan, 'avg_confidence': 1.0}, 'level_3.0': {'tests_performed': 7, 'matches': 1, 'match_rate': 0.14285714285714285, 'avg_difference': 192.42857142857142, 'avg_confidence': 1.0}}",
1000295,42.0,2.0,2.0,1.0,0.5,False,1.0,"{'level_2.0': {'tests_performed': 2, 'matches': 1, 'match_rate': 0.5, 'avg_difference': 139.5, 'avg_confidence': 1.0}}",
1000296,38.0,1.0,0.0,0.0,0.0,False,0.0,{},
1000297,24.0,1.0,0.0,0.0,0.0,False,0.0,{},
1000298,275.0,4.0,66.0,1.0,0.015151515151515152,True,3.0,"{'level_2.0': {'tests_performed': 43, 'matches': 1, 'match_rate': 0.023255813953488372, 'avg_difference': nan, 'avg_confidence': 1.0}, 'level_3.0': {'tests_performed': 21, 'matches': 0, 'match_rate': 0.0, 'avg_difference': nan, 'avg_confidence': 1.0}, 'level_4.0': {'tests_performed': 2, 'matches': 0, 'match_rate': 0.0, 'avg_difference': 123.0, 'avg_confidence': 1.0}}",
1000299,256.0,4.0,54.0,4.0,0.07407407407407407,True,3.0,"{'level_2.0': {'tests_performed': 23, 'matches': 0, 'match_rate': 0.0, 'avg_difference': nan, 'avg_confidence': 1.0}, 'level_3.0': {'tests_performed': 26, 'matches': 2, 'match_rate': 0.07692307692307693, 'avg_difference': nan, 'avg_confidence': 1.0}, 'level_4.0': {'tests_performed': 5, 'matches': 2, 'match_rate': 0.4, 'avg_difference': 126.4, 'avg_confidence': 1.0}}",
1000300,89.0,3.0,23.0,1.0,0.043478260869565216,True,2.0,"{'level_2.0': {'tests_performed': 21, 'matches': 1, 'match_rate': 0.047619047619047616, 'avg_difference': nan, 'avg_confidence': 1.0}, 'level_3.0': {'tests_performed': 2, 'matches': 0, 'match_rate': 0.0, 'avg_difference': 460.0, 'avg_confidence': 1.0}}",
1000301,105.0,3.0,23.0,0.0,0.0,True,2.0,"{'level_2.0': {'tests_performed': 22, 'matches': 0, 'match_rate': 0.0, 'avg_difference': nan, 'avg_confidence': 1.0}, 'level_3.0': {'tests_performed': 1, 'matches': 0, 'match_rate': 0.0, 'avg_difference': 59.0, 'avg_confidence': 1.0}}",
1000302,100.0,3.0,24.0,0.0,0.0,True,2.0,"{'level_2.0': {'tests_performed': 21, 'matches': 0, 'match_rate': 0.0, 'avg_difference': nan, 'avg_confidence': 1.0}, 'level_3.0': {'tests_performed': 3, 'matches': 0, 'match_rate': 0.0, 'avg_difference': 77.0, 'avg_confidence': 1.0}}",
1000303,17.0,2.0,3.0,2.0,0.6666666666666666,False,1.0,"{'level_2.0': {'tests_performed': 3, 'matches': 2, 'match_rate': 0.6666666666666666, 'avg_difference': 6.333333333333333, 'avg_confidence': 1.0}}",
1000304,91.0,2.0,7.0,1.0,0.14285714285714285,False,1.0,"{'level_2.0': {'tests_performed': 7, 'matches': 1, 'match_rate': 0.14285714285714285, 'avg_difference': nan, 'avg_confidence': 1.0}}",
1000305,75.0,3.0,27.0,3.0,0.1111111111111111,True,2.0,"{'level_2.0': {'tests_performed': 26, 'matches': 3, 'match_rate': 0.11538461538461539, 'avg_difference': nan, 'avg_confidence': 1.0}, 'level_3.0': {'tests_performed': 1, 'matches': 0, 'match_rate': 0.0, 'avg_difference': 29.0, 'avg_confidence': 1.0}}",
1000306,19.0,2.0,8.0,1.0,0.125,False,1.0,"{'level_2.0': {'tests_performed': 8, 'matches': 1, 'match_rate': 0.125, 'avg_difference': 10.0, 'avg_confidence': 1.0}}",
1000307,20.0,2.0,9.0,1.0,0.1111111111111111,False,1.0,"{'level_2.0': {'tests_performed': 9, 'matches': 1, 'match_rate': 0.1111111111111111, 'avg_difference': nan, 'avg_confidence': 1.0}}",
1000309,42.0,2.0,21.0,7.0,0.3333333333333333,False,1.0,"{'level_2.0': {'tests_performed': 21, 'matches': 7, 'match_rate': 0.3333333333333333, 'avg_difference': 15.0, 'avg_confidence': 1.0}}",
1000310,97.0,2.0,8.0,1.0,0.125,False,1.0,"{'level_2.0': {'tests_performed': 8, 'matches': 1, 'match_rate': 0.125, 'avg_difference': 96.125, 'avg_confidence': 0.95}}",
1000312,89.0,1.0,0.0,0.0,0.0,False,0.0,{},
1000313,95.0,2.0,8.0,3.0,0.375,False,1.0,"{'level_2.0': {'tests_performed': 8, 'matches': 3, 'match_rate': 0.375, 'avg_difference': 27.25, 'avg_confidence': 1.0}}",
1000314,212.0,4.0,27.0,1.0,0.037037037037037035,True,3.0,"{'level_2.0': {'tests_performed': 25, 'matches': 1, 'match_rate': 0.04, 'avg_difference': 246.08, 'avg_confidence': 0.9470000000000001}, 'level_3.0': {'tests_performed': 1, 'matches': 0, 'match_rate': 0.0, 'avg_difference': 50.0, 'avg_confidence': 1.0}, 'level_4.0': {'tests_performed': 1, 'matches': 0, 'match_rate': 0.0, 'avg_difference': 50.0, 'avg_confidence': 1.0}}",
1000315,86.0,2.0,6.0,1.0,0.16666666666666666,False,1.0,"{'level_2.0': {'tests_performed': 6, 'matches': 1, 'match_rate': 0.16666666666666666, 'avg_difference': nan, 'avg_confidence': 1.0}}",
1000316,126.0,3.0,28.0,2.0,0.07142857142857142,True,2.0,"{'level_2.0': {'tests_performed': 16, 'matches': 0, 'match_rate': 0.0, 'avg_difference': nan, 'avg_confidence': 1.0}, 'level_3.0': {'tests_performed': 12, 'matches': 2, 'match_rate': 0.16666666666666666, 'avg_difference': nan, 'avg_confidence': 1.0}}",
1000317,57.0,2.0,9.0,0.0,0.0,False,1.0,"{'level_2.0': {'tests_performed': 9, 'matches': 0, 'match_rate': 0.0, 'avg_difference': nan, 'avg_confidence': 0.9388888888888888}}",
1000318,22.0,3.0,7.0,0.0,0.0,True,2.0,"{'level_2.0': {'tests_performed': 6, 'matches': 0, 'match_rate': 0.0, 'avg_difference': 540.0, 'avg_confidence': 1.0}, 'level_3.0': {'tests_performed': 1, 'matches': 0, 'match_rate': 0.0, 'avg_difference': 299.0, 'avg_confidence': 1.0}}",
1000319,23.0,3.0,6.0,0.0,0.0,True,2.0,"{'level_2.0': {'tests_performed': 5, 'matches': 0, 'match_rate': 0.0, 'avg_difference': nan, 'avg_confidence': 1.0}, 'level_3.0': {'tests_performed': 1, 'matches': 0, 'match_rate': 0.0, 'avg_difference': nan, 'avg_confidence': 1.0}}",
1000320,77.0,4.0,5.0,0.0,0.0,True,3.0,"{'level_2.0': {'tests_performed': 2, 'matches': 0, 'match_rate': 0.0, 'avg_difference': 82.5, 'avg_confidence': 1.0}, 'level_3.0': {'tests_performed': 2, 'matches': 0, 'match_rate': 0.0, 'avg_difference': 433.0, 'avg_confidence': 1.0}, 'level_4.0': {'tests_performed': 1, 'matches': 0, 'match_rate': 0.0, 'avg_difference': 490.0, 'avg_confidence': 1.0}}",
1000321,1227.0,3.0,66.0,16.0,0.24242424242424243,True,2.0,"{'level_2.0': {'tests_performed': 60, 'matches': 16, 'match_rate': 0.26666666666666666, 'avg_difference': nan, 'avg_confidence': 1.0}, 'level_3.0': {'tests_performed': 6, 'matches': 0, 'match_rate': 0.0, 'avg_difference': 46.333333333333336, 'avg_confidence': 1.0}}",
1000322,40.0,2.0,9.0,1.0,0.1111111111111111,False,1.0,"{'level_2.0': {'tests_performed': 9, 'matches': 1, 'match_rate': 0.1111111111111111, 'avg_difference': 54.0, 'avg_confidence': 1.0}}",
1000323,218.0,3.0,38.0,0.0,0.0,True,2.0,"{'level_2.0': {'tests_performed': 37, 'matches': 0, 'match_rate': 0.0, 'avg_difference': 905.6486486486486, 'avg_confidence': 0.9969111969111969}, 'level_3.0': {'tests_performed': 1, 'matches': 0, 'match_rate': 0.0, 'avg_difference': 561.0, 'avg_confidence': 1.0}}",
1000324,65.0,2.0,2.0,0.0,0.0,False,1.0,"{'level_2.0': {'tests_performed': 2, 'matches': 0, 'match_rate': 0.0, 'avg_difference': 330.5, 'avg_confidence': 1.0}}",
1000325,44.0,2.0,1.0,0.0,0.0,False,1.0,"{'level_2.0': {'tests_performed': 1, 'matches': 0, 'match_rate': 0.0, 'avg_difference': nan, 'avg_confidence': 1.0}}",
1000326,8.0,1.0,0.0,0.0,0.0,False,0.0,{},
1000327,55.0,3.0,7.0,0.0,0.0,False,1.0,"{'level_2.0': {'tests_performed': 7, 'matches': 0, 'match_rate': 0.0, 'avg_difference': nan, 'avg_confidence': 1.0}}",
1000328,22.0,1.0,0.0,0.0,0.0,False,0.0,{},
1000329,304.0,3.0,62.0,0.0,0.0,True,2.0,"{'level_2.0': {'tests_performed': 61, 'matches': 0, 'match_rate': 0.0, 'avg_difference': 327.3114754098361, 'avg_confidence': 1.0}, 'level_3.0': {'tests_performed': 1, 'matches': 0, 'match_rate': 0.0, 'avg_difference': 380.0, 'avg_confidence': 1.0}}",
1000330,38.0,1.0,0.0,0.0,0.0,False,0.0,{},
1000331,171.0,2.0,1.0,0.0,0.0,False,1.0,"{'level_2.0': {'tests_performed': 1, 'matches': 0, 'match_rate': 0.0, 'avg_difference': nan, 'avg_confidence': 1.0}}",
1000332,160.0,2.0,20.0,7.0,0.35,False,1.0,"{'level_2.0': {'tests_performed': 20, 'matches': 7, 'match_rate': 0.35, 'avg_difference': nan, 'avg_confidence': 1.0}}",
1000333,179.0,2.0,32.0,1.0,0.03125,False,1.0,"{'level_2.0': {'tests_performed': 32, 'matches': 1, 'match_rate': 0.03125, 'avg_difference': 128.125, 'avg_confidence': 1.0}}",
1000335,46.0,1.0,0.0,0.0,0.0,False,0.0,{},
1000336,107.0,1.0,0.0,0.0,0.0,False,0.0,{},
1000337,69.0,4.0,15.0,0.0,0.0,True,3.0,"{'level_2.0': {'tests_performed': 11, 'matches': 0, 'match_rate': 0.0, 'avg_difference': nan, 'avg_confidence': 1.0}, 'level_3.0': {'tests_performed': 3, 'matches': 0, 'match_rate': 0.0, 'avg_difference': 589.6666666666666, 'avg_confidence': 1.0}, 'level_4.0': {'tests_performed': 1, 'matches': 0, 'match_rate': 0.0, 'avg_difference': 10.0, 'avg_confidence': 1.0}}",
1000338,26.0,1.0,0.0,0.0,0.0,False,0.0,{},
1000339,57.0,4.0,15.0,2.0,0.13333333333333333,True,3.0,"{'level_2.0': {'tests_performed': 4, 'matches': 0, 'match_rate': 0.0, 'avg_difference': 713.25, 'avg_confidence': 1.0}, 'level_3.0': {'tests_performed': 10, 'matches': 2, 'match_rate': 0.2, 'avg_difference': nan, 'avg_confidence': 1.0}, 'level_4.0': {'tests_performed': 1, 'matches': 0, 'match_rate': 0.0, 'avg_difference': nan, 'avg_confidence': 1.0}}",
1000340,230.0,4.0,54.0,6.0,0.1111111111111111,True,3.0,"{'level_2.0': {'tests_performed': 32, 'matches': 1, 'match_rate': 0.03125, 'avg_difference': nan, 'avg_confidence': 1.0}, 'level_3.0': {'tests_performed': 21, 'matches': 5, 'match_rate': 0.23809523809523808, 'avg_difference': nan, 'avg_confidence': 1.0}, 'level_4.0': {'tests_performed': 1, 'matches': 0, 'match_rate': 0.0, 'avg_difference': nan, 'avg_confidence': 1.0}}",
1000342,186.0,1.0,0.0,0.0,0.0,False,0.0,{},
1000344,319.0,1.0,0.0,0.0,0.0,False,0.0,{},
1000345,161.0,3.0,32.0,3.0,0.09375,True,3.0,"{'level_-2.0': {'tests_performed': 1, 'matches': 1, 'match_rate': 1.0, 'avg_difference': 0.0, 'avg_confidence': 1.0}, 'level_2.0': {'tests_performed': 30, 'matches': 2, 'match_rate': 0.06666666666666667, 'avg_difference': 111.0, 'avg_confidence': 1.0}, 'level_3.0': {'tests_performed': 1, 'matches': 0, 'match_rate': 0.0, 'avg_difference': 30.0, 'avg_confidence': 1.0}}",
1000346,74.0,1.0,0.0,0.0,0.0,False,0.0,{},
1000347,9.0,2.0,1.0,0.0,0.0,False,1.0,"{'level_2.0': {'tests_performed': 1, 'matches': 0, 'match_rate': 0.0, 'avg_difference': nan, 'avg_confidence': 1.0}}",
1000348,4.0,1.0,0.0,0.0,0.0,False,0.0,{},
1000349,5.0,2.0,1.0,0.0,0.0,False,1.0,"{'level_2.0': {'tests_performed': 1, 'matches': 0, 'match_rate': 0.0, 'avg_difference': 300.0, 'avg_confidence': 1.0}}",
1000350,3.0,1.0,0.0,0.0,0.0,False,0.0,{},
1000351,75.0,2.0,2.0,0.0,0.0,False,1.0,"{'level_2.0': {'tests_performed': 2, 'matches': 0, 'match_rate': 0.0, 'avg_difference': nan, 'avg_confidence': 1.0}}",
1000352,55.0,3.0,18.0,4.0,0.2222222222222222,True,2.0,"{'level_2.0': {'tests_performed': 8, 'matches': 0, 'match_rate': 0.0, 'avg_difference': nan, 'avg_confidence': 1.0}, 'level_3.0': {'tests_performed': 10, 'matches': 4, 'match_rate': 0.4, 'avg_difference': nan, 'avg_confidence': 1.0}}",
1000353,31.0,3.0,9.0,0.0,0.0,True,2.0,"{'level_2.0': {'tests_performed': 8, 'matches': 0, 'match_rate': 0.0, 'avg_difference': 126.875, 'avg_confidence': 1.0}, 'level_3.0': {'tests_performed': 1, 'matches': 0, 'match_rate': 0.0, 'avg_difference': 19.0, 'avg_confidence': 1.0}}",
1000354,4.0,1.0,0.0,0.0,0.0,False,0.0,{},
1000355,7.0,1.0,0.0,0.0,0.0,False,0.0,{},
1000356,28.0,2.0,1.0,0.0,0.0,False,1.0,"{'level_2.0': {'tests_performed': 1, 'matches': 0, 'match_rate': 0.0, 'avg_difference': 300.0, 'avg_confidence': 1.0}}",
1000357,7.0,1.0,0.0,0.0,0.0,False,0.0,{},
1000358,33.0,3.0,5.0,0.0,0.0,False,1.0,"{'level_2.0': {'tests_performed': 5, 'matches': 0, 'match_rate': 0.0, 'avg_difference': nan, 'avg_confidence': 1.0}}",
1000359,149.0,1.0,0.0,0.0,0.0,False,0.0,{},
1000361,370.0,2.0,40.0,3.0,0.075,False,1.0,"{'level_2.0': {'tests_performed': 40, 'matches': 3, 'match_rate': 0.075, 'avg_difference': nan, 'avg_confidence': 1.0}}",
1000363,164.0,1.0,0.0,0.0,0.0,False,0.0,{},
1000365,70.0,1.0,0.0,0.0,0.0,False,0.0,{},
1000366,96.0,2.0,3.0,0.0,0.0,False,1.0,"{'level_2.0': {'tests_performed': 3, 'matches': 0, 'match_rate': 0.0, 'avg_difference': 39.666666666666664, 'avg_confidence': 1.0}}",
1000367,60.0,-1.0,26.0,2.0,0.07692307692307693,True,2.0,"{'level_-3.0': {'tests_performed': 20, 'matches': 1, 'match_rate': 0.05, 'avg_difference': nan, 'avg_confidence': 1.0}, 'level_-2.0': {'tests_performed': 6, 'matches': 1, 'match_rate': 0.16666666666666666, 'avg_difference': nan, 'avg_confidence': 1.0}}",
1000368,404.0,4.0,87.0,4.0,0.04597701149425287,True,3.0,"{'level_2.0': {'tests_performed': 80, 'matches': 3, 'match_rate': 0.0375, 'avg_difference': nan, 'avg_confidence': 1.0}, 'level_3.0': {'tests_performed': 6, 'matches': 1, 'match_rate': 0.16666666666666666, 'avg_difference': nan, 'avg_confidence': 1.0}, 'level_4.0': {'tests_performed': 1, 'matches': 0, 'match_rate': 0.0, 'avg_difference': nan, 'avg_confidence': 1.0}}",
1000369,172.0,2.0,1.0,0.0,0.0,False,1.0,"{'level_2.0': {'tests_performed': 1, 'matches': 0, 'match_rate': 0.0, 'avg_difference': 270.0, 'avg_confidence': 1.0}}",
1000371,163.0,2.0,4.0,0.0,0.0,True,2.0,"{'level_-2.0': {'tests_performed': 3, 'matches': 0, 'match_rate': 0.0, 'avg_difference': 360.0, 'avg_confidence': 1.0}, 'level_2.0': {'tests_performed': 1, 'matches': 0, 'match_rate': 0.0, 'avg_difference': 559.0, 'avg_confidence': 1.0}}",
1000374,91.0,1.0,0.0,0.0,0.0,False,0.0,{},
1000375,98.0,2.0,2.0,1.0,0.5,False,1.0,"{'level_2.0': {'tests_performed': 2, 'matches': 1, 'match_rate': 0.5, 'avg_difference': 15.0, 'avg_confidence': 1.0}}",
1000376,180.0,1.0,0.0,0.0,0.0,False,0.0,{},
1000377,45.0,2.0,4.0,0.0,0.0,False,1.0,"{'level_2.0': {'tests_performed': 4, 'matches': 0, 'match_rate': 0.0, 'avg_difference': 152.5, 'avg_confidence': 1.0}}",
1000378,14.0,1.0,0.0,0.0,0.0,False,0.0,{},
1000380,188.0,4.0,68.0,5.0,0.07352941176470588,True,3.0,"{'level_2.0': {'tests_performed': 55, 'matches': 5, 'match_rate': 0.09090909090909091, 'avg_difference': 110.61818181818182, 'avg_confidence': 1.0}, 'level_3.0': {'tests_performed': 12, 'matches': 0, 'match_rate': 0.0, 'avg_difference': nan, 'avg_confidence': 1.0}, 'level_4.0': {'tests_performed': 1, 'matches': 0, 'match_rate': 0.0, 'avg_difference': 199.0, 'avg_confidence': 1.0}}",
1000381,89.0,1.0,0.0,0.0,0.0,False,0.0,{},
1000382,76.0,1.0,0.0,0.0,0.0,False,0.0,{},
1000383,115.0,1.0,0.0,0.0,0.0,False,0.0,{},
1000385,98.0,1.0,0.0,0.0,0.0,False,0.0,{},
1000386,32.0,2.0,4.0,0.0,0.0,False,1.0,"{'level_2.0': {'tests_performed': 4, 'matches': 0, 'match_rate': 0.0, 'avg_difference': nan, 'avg_confidence': 1.0}}",
1000387,33.0,3.0,6.0,0.0,0.0,True,2.0,"{'level_2.0': {'tests_performed': 5, 'matches': 0, 'match_rate': 0.0, 'avg_difference': 258.0, 'avg_confidence': 1.0}, 'level_3.0': {'tests_performed': 1, 'matches': 0, 'match_rate': 0.0, 'avg_difference': nan, 'avg_confidence': 1.0}}",
1000388,5.0,3.0,3.0,2.0,0.6666666666666666,True,2.0,"{'level_2.0': {'tests_performed': 2, 'matches': 2, 'match_rate': 1.0, 'avg_difference': 0.0, 'avg_confidence': 1.0}, 'level_3.0': {'tests_performed': 1, 'matches': 0, 'match_rate': 0.0, 'avg_difference': 710.0, 'avg_confidence': 1.0}}",
1000389,8.0,2.0,2.0,1.0,0.5,False,1.0,"{'level_2.0': {'tests_performed': 2, 'matches': 1, 'match_rate': 0.5, 'avg_difference': 75.0, 'avg_confidence': 1.0}}",
1000390,136.0,2.0,2.0,1.0,0.5,False,1.0,"{'level_2.0': {'tests_performed': 2, 'matches': 1, 'match_rate': 0.5, 'avg_difference': nan, 'avg_confidence': 1.0}}",
1000392,11.0,2.0,2.0,0.0,0.0,False,1.0,"{'level_2.0': {'tests_performed': 2, 'matches': 0, 'match_rate': 0.0, 'avg_difference': 525.0, 'avg_confidence': 1.0}}",
1000393,17.0,1.0,0.0,0.0,0.0,False,0.0,{},
1000395,15.0,1.0,0.0,0.0,0.0,False,0.0,{},
1000396,221.0,3.0,45.0,7.0,0.15555555555555556,True,2.0,"{'level_2.0': {'tests_performed': 44, 'matches': 7, 'match_rate': 0.1590909090909091, 'avg_difference': nan, 'avg_confidence': 1.0}, 'level_3.0': {'tests_performed': 1, 'matches': 0, 'match_rate': 0.0, 'avg_difference': 39.0, 'avg_confidence': 1.0}}",
1000397,25.0,2.0,4.0,0.0,0.0,False,1.0,"{'level_2.0': {'tests_performed': 4, 'matches': 0, 'match_rate': 0.0, 'avg_difference': 107.5, 'avg_confidence': 1.0}}",
1000398,35.0,2.0,4.0,1.0,0.25,False,1.0,"{'level_2.0': {'tests_performed': 4, 'matches': 1, 'match_rate': 0.25, 'avg_difference': 152.5, 'avg_confidence': 1.0}}",
1000399,20.0,1.0,0.0,0.0,0.0,False,0.0,{},
1000400,59.0,3.0,2.0,0.0,0.0,False,1.0,"{'level_2.0': {'tests_performed': 2, 'matches': 0, 'match_rate': 0.0, 'avg_difference': nan, 'avg_confidence': 1.0}}",
1000401,133.0,3.0,36.0,1.0,0.027777777777777776,True,2.0,"{'level_2.0': {'tests_performed': 19, 'matches': 0, 'match_rate': 0.0, 'avg_difference': nan, 'avg_confidence': 0.9769736842105263}, 'level_3.0': {'tests_performed': 17, 'matches': 1, 'match_rate': 0.058823529411764705, 'avg_difference': nan, 'avg_confidence': 1.0}}",
1000402,33.0,2.0,2.0,0.0,0.0,False,1.0,"{'level_2.0': {'tests_performed': 2, 'matches': 0, 'match_rate': 0.0, 'avg_difference': 399.0, 'avg_confidence': 1.0}}",
1000403,66.0,3.0,4.0,1.0,0.25,True,2.0,"{'level_2.0': {'tests_performed': 3, 'matches': 1, 'match_rate': 0.3333333333333333, 'avg_difference': 446.6666666666667, 'avg_confidence': 1.0}, 'level_3.0': {'tests_performed': 1, 'matches': 0, 'match_rate': 0.0, 'avg_difference': 20.0, 'avg_confidence': 1.0}}",
1000404,20.0,2.0,4.0,0.0,0.0,False,1.0,"{'level_2.0': {'tests_performed': 4, 'matches': 0, 'match_rate': 0.0, 'avg_difference': 500.0, 'avg_confidence': 1.0}}",
1000405,25.0,2.0,4.0,0.0,0.0,False,1.0,"{'level_2.0': {'tests_performed': 4, 'matches': 0, 'match_rate': 0.0, 'avg_difference': 155.0, 'avg_confidence': 1.0}}",
1000406,125.0,3.0,46.0,2.0,0.043478260869565216,True,2.0,"{'level_2.0': {'tests_performed': 20, 'matches': 0, 'match_rate': 0.0, 'avg_difference': nan, 'avg_confidence': 1.0}, 'level_3.0': {'tests_performed': 26, 'matches': 2, 'match_rate': 0.07692307692307693, 'avg_difference': nan, 'avg_confidence': 1.0}}",
1000407,104.0,2.0,2.0,0.0,0.0,False,1.0,"{'level_2.0': {'tests_performed': 2, 'matches': 0, 'match_rate': 0.0, 'avg_difference': 151.0, 'avg_confidence': 1.0}}",
1000408,47.0,2.0,0.0,0.0,0.0,False,0.0,{},
1000409,33.0,2.0,2.0,0.0,0.0,False,1.0,"{'level_2.0': {'tests_performed': 2, 'matches': 0, 'match_rate': 0.0, 'avg_difference': 153.0, 'avg_confidence': 1.0}}",
1000410,14.0,2.0,5.0,0.0,0.0,False,1.0,"{'level_2.0': {'tests_performed': 5, 'matches': 0, 'match_rate': 0.0, 'avg_difference': nan, 'avg_confidence': 1.0}}",
1000411,5.0,1.0,0.0,0.0,0.0,False,0.0,{},
1000412,7.0,1.0,0.0,0.0,0.0,False,0.0,{},
1000413,266.0,3.0,60.0,2.0,0.03333333333333333,True,2.0,"{'level_2.0': {'tests_performed': 35, 'matches': 1, 'match_rate': 0.02857142857142857, 'avg_difference': 311.1714285714286, 'avg_confidence': 1.0}, 'level_3.0': {'tests_performed': 25, 'matches': 1, 'match_rate': 0.04, 'avg_difference': nan, 'avg_confidence': 1.0}}",
1000414,11.0,2.0,2.0,1.0,0.5,False,1.0,"{'level_2.0': {'tests_performed': 2, 'matches': 1, 'match_rate': 0.5, 'avg_difference': 10.0, 'avg_confidence': 1.0}}",
1000415,58.0,2.0,13.0,0.0,0.0,False,1.0,"{'level_2.0': {'tests_performed': 13, 'matches': 0, 'match_rate': 0.0, 'avg_difference': 247.46153846153845, 'avg_confidence': 1.0}}",
1000416,10.0,1.0,0.0,0.0,0.0,False,0.0,{},
1000417,25.0,2.0,0.0,0.0,0.0,False,0.0,{},
1000418,91.0,4.0,11.0,1.0,0.09090909090909091,True,2.0,"{'level_2.0': {'tests_performed': 5, 'matches': 0, 'match_rate': 0.0, 'avg_difference': nan, 'avg_confidence': 1.0}, 'level_3.0': {'tests_performed': 6, 'matches': 1, 'match_rate': 0.16666666666666666, 'avg_difference': nan, 'avg_confidence': 1.0}}",
1000419,96.0,1.0,0.0,0.0,0.0,False,0.0,{},
1000420,14.0,1.0,0.0,0.0,0.0,False,0.0,{},
1000421,31.0,2.0,1.0,0.0,0.0,False,1.0,"{'level_2.0': {'tests_performed': 1, 'matches': 0, 'match_rate': 0.0, 'avg_difference': 200.0, 'avg_confidence': 1.0}}",
1000422,96.0,2.0,4.0,0.0,0.0,False,1.0,"{'level_2.0': {'tests_performed': 4, 'matches': 0, 'match_rate': 0.0, 'avg_difference': 260.0, 'avg_confidence': 1.0}}",
1000423,51.0,4.0,15.0,1.0,0.06666666666666667,True,3.0,"{'level_2.0': {'tests_performed': 10, 'matches': 0, 'match_rate': 0.0, 'avg_difference': 199.8, 'avg_confidence': 1.0}, 'level_3.0': {'tests_performed': 4, 'matches': 1, 'match_rate': 0.25, 'avg_difference': 164.75, 'avg_confidence': 1.0}, 'level_4.0': {'tests_performed': 1, 'matches': 0, 'match_rate': 0.0, 'avg_difference': 200.0, 'avg_confidence': 1.0}}",
1000424,27.0,2.0,6.0,1.0,0.16666666666666666,False,1.0,"{'level_2.0': {'tests_performed': 6, 'matches': 1, 'match_rate': 0.16666666666666666, 'avg_difference': nan, 'avg_confidence': 1.0}}",
1000425,13.0,2.0,2.0,0.0,0.0,False,1.0,"{'level_2.0': {'tests_performed': 2, 'matches': 0, 'match_rate': 0.0, 'avg_difference': 580.0, 'avg_confidence': 1.0}}",
1000426,27.0,2.0,0.0,0.0,0.0,False,0.0,{},
1000427,18.0,3.0,4.0,0.0,0.0,True,2.0,"{'level_2.0': {'tests_performed': 3, 'matches': 0, 'match_rate': 0.0, 'avg_difference': 246.33333333333334, 'avg_confidence': 1.0}, 'level_3.0': {'tests_performed': 1, 'matches': 0, 'match_rate': 0.0, 'avg_difference': 160.0, 'avg_confidence': 1.0}}",
1000428,20.0,2.0,4.0,0.0,0.0,False,1.0,"{'level_2.0': {'tests_performed': 4, 'matches': 0, 'match_rate': 0.0, 'avg_difference': 376.25, 'avg_confidence': 1.0}}",
1000429,27.0,1.0,0.0,0.0,0.0,False,0.0,{},
1000430,43.0,2.0,15.0,0.0,0.0,False,1.0,"{'level_2.0': {'tests_performed': 15, 'matches': 0, 'match_rate': 0.0, 'avg_difference': nan, 'avg_confidence': 1.0}}",
1000431,57.0,2.0,3.0,0.0,0.0,False,1.0,"{'level_2.0': {'tests_performed': 3, 'matches': 0, 'match_rate': 0.0, 'avg_difference': nan, 'avg_confidence': 1.0}}",
1000432,15.0,3.0,1.0,0.0,0.0,False,1.0,"{'level_2.0': {'tests_performed': 1, 'matches': 0, 'match_rate': 0.0, 'avg_difference': 339.0, 'avg_confidence': 1.0}}",
1000433,64.0,2.0,4.0,1.0,0.25,False,1.0,"{'level_2.0': {'tests_performed': 4, 'matches': 1, 'match_rate': 0.25, 'avg_difference': 349.25, 'avg_confidence': 1.0}}",
1000434,9.0,1.0,0.0,0.0,0.0,False,0.0,{},
1000435,12.0,2.0,4.0,0.0,0.0,False,1.0,"{'level_2.0': {'tests_performed': 4, 'matches': 0, 'match_rate': 0.0, 'avg_difference': nan, 'avg_confidence': 1.0}}",
1000436,136.0,2.0,18.0,0.0,0.0,False,1.0,"{'level_2.0': {'tests_performed': 18, 'matches': 0, 'match_rate': 0.0, 'avg_difference': 456.3333333333333, 'avg_confidence': 1.0}}",
1000437,35.0,2.0,0.0,0.0,0.0,False,0.0,{},
1000438,22.0,1.0,0.0,0.0,0.0,False,0.0,{},
1000439,29.0,2.0,2.0,0.0,0.0,False,1.0,"{'level_2.0': {'tests_performed': 2, 'matches': 0, 'match_rate': 0.0, 'avg_difference': nan, 'avg_confidence': 1.0}}",
1000440,9.0,2.0,1.0,0.0,0.0,False,1.0,"{'level_2.0': {'tests_performed': 1, 'matches': 0, 'match_rate': 0.0, 'avg_difference': 790.0, 'avg_confidence': 1.0}}",
1000441,18.0,1.0,0.0,0.0,0.0,False,0.0,{},
1000442,31.0,2.0,3.0,0.0,0.0,False,1.0,"{'level_2.0': {'tests_performed': 3, 'matches': 0, 'match_rate': 0.0, 'avg_difference': 203.33333333333334, 'avg_confidence': 1.0}}",
1000443,7.0,2.0,1.0,0.0,0.0,False,1.0,"{'level_2.0': {'tests_performed': 1, 'matches': 0, 'match_rate': 0.0, 'avg_difference': 529.0, 'avg_confidence': 1.0}}",
1000444,55.0,1.0,0.0,0.0,0.0,False,0.0,{},
1000445,17.0,1.0,0.0,0.0,0.0,False,0.0,{},
1000446,76.0,2.0,22.0,1.0,0.045454545454545456,False,1.0,"{'level_2.0': {'tests_performed': 22, 'matches': 1, 'match_rate': 0.045454545454545456, 'avg_difference': nan, 'avg_confidence': 1.0}}",
1000447,10.0,1.0,0.0,0.0,0.0,False,0.0,{},
1000448,67.0,3.0,2.0,0.0,0.0,True,2.0,"{'level_2.0': {'tests_performed': 1, 'matches': 0, 'match_rate': 0.0, 'avg_difference': 40.0, 'avg_confidence': 1.0}, 'level_3.0': {'tests_performed': 1, 'matches': 0, 'match_rate': 0.0, 'avg_difference': nan, 'avg_confidence': 1.0}}",
1000449,110.0,2.0,1.0,0.0,0.0,False,1.0,"{'level_2.0': {'tests_performed': 1, 'matches': 0, 'match_rate': 0.0, 'avg_difference': 330.0, 'avg_confidence': 1.0}}",
1000450,48.0,2.0,3.0,0.0,0.0,False,1.0,"{'level_2.0': {'tests_performed': 3, 'matches': 0, 'match_rate': 0.0, 'avg_difference': 58.333333333333336, 'avg_confidence': 1.0}}",
1000451,15.0,1.0,0.0,0.0,0.0,False,0.0,{},
1000452,12.0,1.0,0.0,0.0,0.0,False,0.0,{},
1000453,33.0,1.0,0.0,0.0,0.0,False,0.0,{},
1000454,39.0,1.0,0.0,0.0,0.0,False,0.0,{},
1000455,91.0,2.0,4.0,0.0,0.0,False,1.0,"{'level_2.0': {'tests_performed': 4, 'matches': 0, 'match_rate': 0.0, 'avg_difference': 165.0, 'avg_confidence': 1.0}}",
1000456,62.0,2.0,0.0,0.0,0.0,False,0.0,{},
1000457,57.0,1.0,0.0,0.0,0.0,False,0.0,{},
1000458,18.0,1.0,0.0,0.0,0.0,False,0.0,{},
1000459,89.0,1.0,0.0,0.0,0.0,False,0.0,{},
1000460,21.0,1.0,0.0,0.0,0.0,False,0.0,{},
1000461,160.0,1.0,0.0,0.0,0.0,False,0.0,{},
1000462,45.0,1.0,0.0,0.0,0.0,False,0.0,{},
1000463,120.0,1.0,0.0,0.0,0.0,False,0.0,{},
1000464,,,,,,,,,No cords found
1000465,,,,,,,,,No cords found
1000466,,,,,,,,,No cords found
1000467,,,,,,,,,No cords found
1000468,,,,,,,,,No cords found
1000469,,,,,,,,,No cords found
1000470,,,,,,,,,No cords found
1000472,225.0,4.0,75.0,1.0,0.013333333333333334,True,3.0,"{'level_2.0': {'tests_performed': 48, 'matches': 1, 'match_rate': 0.020833333333333332, 'avg_difference': nan, 'avg_confidence': 1.0}, 'level_3.0': {'tests_performed': 23, 'matches': 0, 'match_rate': 0.0, 'avg_difference': 359.1304347826087, 'avg_confidence': 1.0}, 'level_4.0': {'tests_performed': 4, 'matches': 0, 'match_rate': 0.0, 'avg_difference': 422.5, 'avg_confidence': 1.0}}",
1000474,40.0,2.0,3.0,0.0,0.0,False,1.0,"{'level_2.0': {'tests_performed': 3, 'matches': 0, 'match_rate': 0.0, 'avg_difference': 37.666666666666664, 'avg_confidence': 1.0}}",
1000475,19.0,2.0,2.0,0.0,0.0,False,1.0,"{'level_2.0': {'tests_performed': 2, 'matches': 0, 'match_rate': 0.0, 'avg_difference': 285.0, 'avg_confidence': 1.0}}",
1000477,151.0,3.0,43.0,2.0,0.046511627906976744,True,2.0,"{'level_2.0': {'tests_performed': 38, 'matches': 2, 'match_rate': 0.05263157894736842, 'avg_difference': 58.81578947368421, 'avg_confidence': 1.0}, 'level_3.0': {'tests_performed': 5, 'matches': 0, 'match_rate': 0.0, 'avg_difference': nan, 'avg_confidence': 1.0}}",
1000478,40.0,1.0,0.0,0.0,0.0,False,0.0,{},
1000479,28.0,1.0,0.0,0.0,0.0,False,0.0,{},
1000480,9.0,2.0,1.0,0.0,0.0,False,1.0,"{'level_2.0': {'tests_performed': 1, 'matches': 0, 'match_rate': 0.0, 'avg_difference': 41.0, 'avg_confidence': 1.0}}",
1000481,7.0,1.0,0.0,0.0,0.0,False,0.0,{},
1000482,30.0,1.0,0.0,0.0,0.0,False,0.0,{},
1000483,12.0,2.0,4.0,1.0,0.25,False,1.0,"{'level_2.0': {'tests_performed': 4, 'matches': 1, 'match_rate': 0.25, 'avg_difference': 57.25, 'avg_confidence': 1.0}}",
1000485,14.0,1.0,0.0,0.0,0.0,False,0.0,{},
1000486,12.0,1.0,0.0,0.0,0.0,False,0.0,{},
1000487,33.0,1.0,0.0,0.0,0.0,False,0.0,{},
1000488,39.0,3.0,12.0,1.0,0.08333333333333333,True,2.0,"{'level_2.0': {'tests_performed': 11, 'matches': 1, 'match_rate': 0.09090909090909091, 'avg_difference': nan, 'avg_confidence': 1.0}, 'level_3.0': {'tests_performed': 1, 'matches': 0, 'match_rate': 0.0, 'avg_difference': nan, 'avg_confidence': 1.0}}",
1000489,18.0,1.0,0.0,0.0,0.0,False,0.0,{},
1000490,16.0,2.0,4.0,0.0,0.0,False,1.0,"{'level_2.0': {'tests_performed': 4, 'matches': 0, 'match_rate': 0.0, 'avg_difference': nan, 'avg_confidence': 1.0}}",
1000491,8.0,1.0,0.0,0.0,0.0,False,0.0,{},
1000492,68.0,1.0,0.0,0.0,0.0,False,0.0,{},
1000493,154.0,4.0,57.0,0.0,0.0,True,3.0,"{'level_2.0': {'tests_performed': 42, 'matches': 0, 'match_rate': 0.0, 'avg_difference': 506.4047619047619, 'avg_confidence': 1.0}, 'level_3.0': {'tests_performed': 13, 'matches': 0, 'match_rate': 0.0, 'avg_difference': 494.61538461538464, 'avg_confidence': 1.0}, 'level_4.0': {'tests_performed': 2, 'matches': 0, 'match_rate': 0.0, 'avg_difference': 670.0, 'avg_confidence': 1.0}}",
1000494,90.0,3.0,36.0,1.0,0.027777777777777776,True,2.0,"{'level_2.0': {'tests_performed': 29, 'matches': 1, 'match_rate': 0.034482758620689655, 'avg_difference': nan, 'avg_confidence': 1.0}, 'level_3.0': {'tests_performed': 7, 'matches': 0, 'match_rate': 0.0, 'avg_difference': 51.42857142857143, 'avg_confidence': 1.0}}",
1000495,133.0,3.0,34.0,0.0,0.0,True,2.0,"{'level_2.0': {'tests_performed': 29, 'matches': 0, 'match_rate': 0.0, 'avg_difference': nan, 'avg_confidence': 1.0}, 'level_3.0': {'tests_performed': 5, 'matches': 0, 'match_rate': 0.0, 'avg_difference': 299.6, 'avg_confidence': 1.0}}",
1000496,30.0,1.0,0.0,0.0,0.0,False,0.0,{},
1000497,63.0,2.0,3.0,0.0,0.0,False,1.0,"{'level_2.0': {'tests_performed': 3, 'matches': 0, 'match_rate': 0.0, 'avg_difference': nan, 'avg_confidence': 1.0}}",
1000499,78.0,2.0,13.0,0.0,0.0,False,1.0,"{'level_2.0': {'tests_performed': 13, 'matches': 0, 'match_rate': 0.0, 'avg_difference': nan, 'avg_confidence': 1.0}}",
1000500,88.0,2.0,27.0,1.0,0.037037037037037035,False,1.0,"{'level_2.0': {'tests_performed': 27, 'matches': 1, 'match_rate': 0.037037037037037035, 'avg_difference': nan, 'avg_confidence': 1.0}}",
1000501,417.0,2.0,18.0,0.0,0.0,False,1.0,"{'level_2.0': {'tests_performed': 18, 'matches': 0, 'match_rate': 0.0, 'avg_difference': 289.05555555555554, 'avg_confidence': 1.0}}",
1000502,28.0,2.0,4.0,0.0,0.0,False,1.0,"{'level_2.0': {'tests_performed': 4, 'matches': 0, 'match_rate': 0.0, 'avg_difference': 209.75, 'avg_confidence': 1.0}}",
1000503,70.0,2.0,7.0,0.0,0.0,False,1.0,"{'level_2.0': {'tests_performed': 7, 'matches': 0, 'match_rate': 0.0, 'avg_difference': 355.14285714285717, 'avg_confidence': 1.0}}",
1000504,226.0,4.0,96.0,0.0,0.0,True,3.0,"{'level_2.0': {'tests_performed': 70, 'matches': 0, 'match_rate': 0.0, 'avg_difference': nan, 'avg_confidence': 0.825699955721934}, 'level_3.0': {'tests_performed': 24, 'matches': 0, 'match_rate': 0.0, 'avg_difference': 321.6666666666667, 'avg_confidence': 0.8109375}, 'level_4.0': {'tests_performed': 2, 'matches': 0, 'match_rate': 0.0, 'avg_difference': 760.0, 'avg_confidence': 0.709090909090909}}",
1000505,120.0,3.0,24.0,0.0,0.0,True,2.0,"{'level_2.0': {'tests_performed': 23, 'matches': 0, 'match_rate': 0.0, 'avg_difference': 190.1304347826087, 'avg_confidence': 1.0}, 'level_3.0': {'tests_performed': 1, 'matches': 0, 'match_rate': 0.0, 'avg_difference': 110.0, 'avg_confidence': 1.0}}",
1000506,167.0,2.0,26.0,5.0,0.19230769230769232,False,1.0,"{'level_2.0': {'tests_performed': 26, 'matches': 5, 'match_rate': 0.19230769230769232, 'avg_difference': 60.23076923076923, 'avg_confidence': 0.9365384615384614}}",
1000507,132.0,2.0,21.0,4.0,0.19047619047619047,False,1.0,"{'level_2.0': {'tests_performed': 21, 'matches': 4, 'match_rate': 0.19047619047619047, 'avg_difference': nan, 'avg_confidence': 1.0}}",
1000508,236.0,2.0,16.0,6.0,0.375,False,1.0,"{'level_2.0': {'tests_performed': 16, 'matches': 6, 'match_rate': 0.375, 'avg_difference': nan, 'avg_confidence': 1.0}}",
1000509,369.0,3.0,67.0,8.0,0.11940298507462686,True,2.0,"{'level_2.0': {'tests_performed': 64, 'matches': 7, 'match_rate': 0.109375, 'avg_difference': nan, 'avg_confidence': 0.99140625}, 'level_3.0': {'tests_performed': 3, 'matches': 1, 'match_rate': 0.3333333333333333, 'avg_difference': nan, 'avg_confidence': 1.0}}",
1000510,126.0,1.0,0.0,0.0,0.0,False,0.0,{},
1000511,86.0,1.0,0.0,0.0,0.0,False,0.0,{},
1000512,137.0,3.0,17.0,0.0,0.0,True,2.0,"{'level_2.0': {'tests_performed': 14, 'matches': 0, 'match_rate': 0.0, 'avg_difference': 550.5714285714286, 'avg_confidence': 1.0}, 'level_3.0': {'tests_performed': 3, 'matches': 0, 'match_rate': 0.0, 'avg_difference': 480.0, 'avg_confidence': 1.0}}",
1000513,113.0,3.0,18.0,5.0,0.2777777777777778,True,2.0,"{'level_2.0': {'tests_performed': 16, 'matches': 5, 'match_rate': 0.3125, 'avg_difference': nan, 'avg_confidence': 1.0}, 'level_3.0': {'tests_performed': 2, 'matches': 0, 'match_rate': 0.0, 'avg_difference': nan, 'avg_confidence': 1.0}}",
1000514,167.0,3.0,35.0,2.0,0.05714285714285714,True,2.0,"{'level_2.0': {'tests_performed': 30, 'matches': 1, 'match_rate': 0.03333333333333333, 'avg_difference': nan, 'avg_confidence': 0.8233492063492064}, 'level_3.0': {'tests_performed': 5, 'matches': 1, 'match_rate': 0.2, 'avg_difference': 264.0, 'avg_confidence': 1.0}}",
1000515,79.0,3.0,21.0,6.0,0.2857142857142857,True,2.0,"{'level_2.0': {'tests_performed': 20, 'matches': 5, 'match_rate': 0.25, 'avg_difference': 111.7, 'avg_confidence': 1.0}, 'level_3.0': {'tests_performed': 1, 'matches': 1, 'match_rate': 1.0, 'avg_difference': 0.0, 'avg_confidence': 1.0}}",
1000516,50.0,3.0,10.0,1.0,0.1,True,2.0,"{'level_2.0': {'tests_performed': 9, 'matches': 1, 'match_rate': 0.1111111111111111, 'avg_difference': nan, 'avg_confidence': 1.0}, 'level_3.0': {'tests_performed': 1, 'matches': 0, 'match_rate': 0.0, 'avg_difference': 10.0, 'avg_confidence': 1.0}}",
1000517,12.0,2.0,3.0,0.0,0.0,False,1.0,"{'level_2.0': {'tests_performed': 3, 'matches': 0, 'match_rate': 0.0, 'avg_difference': 270.0, 'avg_confidence': 1.0}}",
1000518,164.0,3.0,27.0,0.0,0.0,False,1.0,"{'level_2.0': {'tests_performed': 27, 'matches': 0, 'match_rate': 0.0, 'avg_difference': nan, 'avg_confidence': 1.0}}",
1000519,190.0,2.0,19.0,6.0,0.3157894736842105,False,1.0,"{'level_2.0': {'tests_performed': 19, 'matches': 6, 'match_rate': 0.3157894736842105, 'avg_difference': nan, 'avg_confidence': 1.0}}",
1000520,94.0,2.0,13.0,0.0,0.0,False,1.0,"{'level_2.0': {'tests_performed': 13, 'matches': 0, 'match_rate': 0.0, 'avg_difference': nan, 'avg_confidence': 1.0}}",
1000521,78.0,2.0,6.0,0.0,0.0,False,1.0,"{'level_2.0': {'tests_performed': 6, 'matches': 0, 'match_rate': 0.0, 'avg_difference': nan, 'avg_confidence': 1.0}}",
1000522,95.0,1.0,0.0,0.0,0.0,False,0.0,{},
1000523,196.0,2.0,1.0,0.0,0.0,False,1.0,"{'level_2.0': {'tests_performed': 1, 'matches': 0, 'match_rate': 0.0, 'avg_difference': 101.0, 'avg_confidence': 1.0}}",
1000524,164.0,3.0,30.0,0.0,0.0,True,2.0,"{'level_2.0': {'tests_performed': 26, 'matches': 0, 'match_rate': 0.0, 'avg_difference': nan, 'avg_confidence': 1.0}, 'level_3.0': {'tests_performed': 4, 'matches': 0, 'match_rate': 0.0, 'avg_difference': nan, 'avg_confidence': 1.0}}",
1000525,17.0,1.0,0.0,0.0,0.0,False,0.0,{},
1000526,268.0,4.0,73.0,8.0,0.1095890410958904,True,3.0,"{'level_2.0': {'tests_performed': 63, 'matches': 8, 'match_rate': 0.12698412698412698, 'avg_difference': nan, 'avg_confidence': 0.973015873015873}, 'level_3.0': {'tests_performed': 9, 'matches': 0, 'match_rate': 0.0, 'avg_difference': nan, 'avg_confidence': 0.8333333333333334}, 'level_4.0': {'tests_performed': 1, 'matches': 0, 'match_rate': 0.0, 'avg_difference': 20.0, 'avg_confidence': 1.0}}",
1000527,169.0,4.0,61.0,0.0,0.0,True,2.0,"{'level_2.0': {'tests_performed': 30, 'matches': 0, 'match_rate': 0.0, 'avg_difference': nan, 'avg_confidence': 1.0}, 'level_3.0': {'tests_performed': 31, 'matches': 0, 'match_rate': 0.0, 'avg_difference': nan, 'avg_confidence': 1.0}}",
1000528,119.0,3.0,17.0,1.0,0.058823529411764705,True,2.0,"{'level_2.0': {'tests_performed': 16, 'matches': 1, 'match_rate': 0.0625, 'avg_difference': nan, 'avg_confidence': 0.95625}, 'level_3.0': {'tests_performed': 1, 'matches': 0, 'match_rate': 0.0, 'avg_difference': nan, 'avg_confidence': 1.0}}",
1000529,62.0,1.0,0.0,0.0,0.0,False,0.0,{},
1000530,65.0,1.0,0.0,0.0,0.0,False,0.0,{},
1000531,9.0,1.0,0.0,0.0,0.0,False,0.0,{},
1000532,10.0,1.0,0.0,0.0,0.0,False,0.0,{},
1000533,58.0,2.0,9.0,1.0,0.1111111111111111,False,1.0,"{'level_2.0': {'tests_performed': 9, 'matches': 1, 'match_rate': 0.1111111111111111, 'avg_difference': nan, 'avg_confidence': 1.0}}",
1000534,80.0,1.0,0.0,0.0,0.0,False,0.0,{},
1000535,23.0,1.0,0.0,0.0,0.0,False,0.0,{},
1000536,47.0,2.0,9.0,0.0,0.0,False,1.0,"{'level_2.0': {'tests_performed': 9, 'matches': 0, 'match_rate': 0.0, 'avg_difference': nan, 'avg_confidence': 1.0}}",
1000537,24.0,1.0,0.0,0.0,0.0,False,0.0,{},
1000538,75.0,1.0,0.0,0.0,0.0,False,0.0,{},
1000539,194.0,2.0,3.0,0.0,0.0,False,1.0,"{'level_2.0': {'tests_performed': 3, 'matches': 0, 'match_rate': 0.0, 'avg_difference': 567.0, 'avg_confidence': 1.0}}",
1000540,59.0,3.0,11.0,0.0,0.0,True,2.0,"{'level_2.0': {'tests_performed': 10, 'matches': 0, 'match_rate': 0.0, 'avg_difference': 119.1, 'avg_confidence': 1.0}, 'level_3.0': {'tests_performed': 1, 'matches': 0, 'match_rate': 0.0, 'avg_difference': nan, 'avg_confidence': 1.0}}",
1000541,954.0,2.0,1.0,0.0,0.0,False,1.0,"{'level_2.0': {'tests_performed': 1, 'matches': 0, 'match_rate': 0.0, 'avg_difference': 130.0, 'avg_confidence': 0.45}}",
1000542,134.0,2.0,0.0,0.0,0.0,False,0.0,{},
1000543,144.0,2.0,4.0,0.0,0.0,False,1.0,"{'level_2.0': {'tests_performed': 4, 'matches': 0, 'match_rate': 0.0, 'avg_difference': nan, 'avg_confidence': 0.9}}",
1000544,98.0,1.0,0.0,0.0,0.0,False,0.0,{},
1000545,194.0,3.0,42.0,3.0,0.07142857142857142,True,2.0,"{'level_2.0': {'tests_performed': 39, 'matches': 3, 'match_rate': 0.07692307692307693, 'avg_difference': 86.23076923076923, 'avg_confidence': 1.0}, 'level_3.0': {'tests_performed': 3, 'matches': 0, 'match_rate': 0.0, 'avg_difference': 166.33333333333334, 'avg_confidence': 1.0}}",
1000546,149.0,5.0,50.0,3.0,0.06,True,4.0,"{'level_2.0': {'tests_performed': 31, 'matches': 0, 'match_rate': 0.0, 'avg_difference': nan, 'avg_confidence': 1.0}, 'level_3.0': {'tests_performed': 11, 'matches': 0, 'match_rate': 0.0, 'avg_difference': nan, 'avg_confidence': 1.0}, 'level_4.0': {'tests_performed': 5, 'matches': 1, 'match_rate': 0.2, 'avg_difference': 14.6, 'avg_confidence': 1.0}, 'level_5.0': {'tests_performed': 3, 'matches': 2, 'match_rate': 0.6666666666666666, 'avg_difference': 9.666666666666666, 'avg_confidence': 1.0}}",
1000547,233.0,2.0,18.0,1.0,0.05555555555555555,False,1.0,"{'level_2.0': {'tests_performed': 18, 'matches': 1, 'match_rate': 0.05555555555555555, 'avg_difference': 198.94444444444446, 'avg_confidence': 1.0}}",
1000548,29.0,2.0,0.0,0.0,0.0,False,0.0,{},
1000549,71.0,3.0,2.0,0.0,0.0,False,1.0,"{'level_2.0': {'tests_performed': 2, 'matches': 0, 'match_rate': 0.0, 'avg_difference': 221.0, 'avg_confidence': 1.0}}",
1000550,7.0,1.0,0.0,0.0,0.0,False,0.0,{},
1000551,30.0,1.0,0.0,0.0,0.0,False,0.0,{},
1000552,86.0,3.0,24.0,4.0,0.16666666666666666,True,2.0,"{'level_2.0': {'tests_performed': 17, 'matches': 2, 'match_rate': 0.11764705882352941, 'avg_difference': nan, 'avg_confidence': 1.0}, 'level_3.0': {'tests_performed': 7, 'matches': 2, 'match_rate': 0.2857142857142857, 'avg_difference': 41.142857142857146, 'avg_confidence': 1.0}}",
1000553,52.0,2.0,0.0,0.0,0.0,False,0.0,{},
1000554,76.0,3.0,8.0,0.0,0.0,True,2.0,"{'level_2.0': {'tests_performed': 7, 'matches': 0, 'match_rate': 0.0, 'avg_difference': nan, 'avg_confidence': 1.0}, 'level_3.0': {'tests_performed': 1, 'matches': 0, 'match_rate': 0.0, 'avg_difference': 500.0, 'avg_confidence': 1.0}}",
1000555,72.0,1.0,0.0,0.0,0.0,False,0.0,{},
1000556,34.0,1.0,0.0,0.0,0.0,False,0.0,{},
1000558,15.0,1.0,0.0,0.0,0.0,False,0.0,{},
1000559,24.0,2.0,2.0,0.0,0.0,False,1.0,"{'level_2.0': {'tests_performed': 2, 'matches': 0, 'match_rate': 0.0, 'avg_difference': 330.0, 'avg_confidence': 1.0}}",
1000560,15.0,2.0,1.0,0.0,0.0,False,1.0,"{'level_2.0': {'tests_performed': 1, 'matches': 0, 'match_rate': 0.0, 'avg_difference': 380.0, 'avg_confidence': 1.0}}",
1000561,19.0,1.0,0.0,0.0,0.0,False,0.0,{},
1000562,28.0,2.0,2.0,0.0,0.0,False,1.0,"{'level_2': {'tests_performed': 2, 'matches': 0, 'match_rate': 0.0, 'avg_difference': nan, 'avg_confidence': 1.0}}",
1000563,82.0,1.0,0.0,0.0,0.0,False,0.0,{},
1000564,183.0,2.0,24.0,3.0,0.125,False,1.0,"{'level_2': {'tests_performed': 24, 'matches': 3, 'match_rate': 0.125, 'avg_difference': 216.58333333333334, 'avg_confidence': 0.7607638888888887}}",
1000565,367.0,2.0,58.0,0.0,0.0,False,1.0,"{'level_2': {'tests_performed': 58, 'matches': 0, 'match_rate': 0.0, 'avg_difference': 1011.2241379310345, 'avg_confidence': 0.846410732945216}}",
1000566,32.0,2.0,6.0,2.0,0.3333333333333333,False,1.0,"{'level_2': {'tests_performed': 6, 'matches': 2, 'match_rate': 0.3333333333333333, 'avg_difference': 133.33333333333334, 'avg_confidence': 1.0}}",
1000567,257.0,2.0,17.0,0.0,0.0,False,1.0,"{'level_2': {'tests_performed': 17, 'matches': 0, 'match_rate': 0.0, 'avg_difference': nan, 'avg_confidence': 1.0}}",
1000569,24.0,2.0,2.0,0.0,0.0,False,1.0,"{'level_2': {'tests_performed': 2, 'matches': 0, 'match_rate': 0.0, 'avg_difference': nan, 'avg_confidence': 1.0}}",
1000570,125.0,3.0,16.0,2.0,0.125,True,2.0,"{'level_2': {'tests_performed': 14, 'matches': 2, 'match_rate': 0.14285714285714285, 'avg_difference': nan, 'avg_confidence': 0.8595238095238095}, 'level_3': {'tests_performed': 2, 'matches': 0, 'match_rate': 0.0, 'avg_difference': 199.5, 'avg_confidence': 1.0}}",
1000571,55.0,2.0,0.0,0.0,0.0,False,0.0,{},
1000572,11.0,1.0,0.0,0.0,0.0,False,0.0,{},
1000573,39.0,3.0,8.0,1.0,0.125,True,2.0,"{'level_2': {'tests_performed': 7, 'matches': 1, 'match_rate': 0.14285714285714285, 'avg_difference': nan, 'avg_confidence': 0.8928571428571429}, 'level_3': {'tests_performed': 1, 'matches': 0, 'match_rate': 0.0, 'avg_difference': nan, 'avg_confidence': 1.0}}",
1000574,82.0,5.0,7.0,0.0,0.0,True,3.0,"{'level_2': {'tests_performed': 5, 'matches': 0, 'match_rate': 0.0, 'avg_difference': nan, 'avg_confidence': 0.9491666666666667}, 'level_3': {'tests_performed': 1, 'matches': 0, 'match_rate': 0.0, 'avg_difference': 698.0, 'avg_confidence': 1.0}, 'level_5': {'tests_performed': 1, 'matches': 0, 'match_rate': 0.0, 'avg_difference': nan, 'avg_confidence': 1.0}}",
1000575,66.0,3.0,1.0,0.0,0.0,False,1.0,"{'level_2': {'tests_performed': 1, 'matches': 0, 'match_rate': 0.0, 'avg_difference': nan, 'avg_confidence': 0.3}}",
1000576,86.0,4.0,4.0,1.0,0.25,True,2.0,"{'level_2': {'tests_performed': 3, 'matches': 0, 'match_rate': 0.0, 'avg_difference': nan, 'avg_confidence': 1.0}, 'level_3': {'tests_performed': 1, 'matches': 1, 'match_rate': 1.0, 'avg_difference': 0.0, 'avg_confidence': 1.0}}",
1000577,34.0,2.0,1.0,0.0,0.0,False,1.0,"{'level_2': {'tests_performed': 1, 'matches': 0, 'match_rate': 0.0, 'avg_difference': nan, 'avg_confidence': 0.675}}",
1000578,9.0,1.0,0.0,0.0,0.0,False,0.0,{},
1000579,7.0,1.0,0.0,0.0,0.0,False,0.0,{},
1000580,29.0,2.0,2.0,0.0,0.0,False,1.0,"{'level_2': {'tests_performed': 2, 'matches': 0, 'match_rate': 0.0, 'avg_difference': nan, 'avg_confidence': 0.725}}",
1000581,32.0,1.0,0.0,0.0,0.0,False,0.0,{},
1000582,34.0,1.0,0.0,0.0,0.0,False,0.0,{},
1000583,47.0,2.0,7.0,0.0,0.0,False,1.0,"{'level_2': {'tests_performed': 7, 'matches': 0, 'match_rate': 0.0, 'avg_difference': 357.14285714285717, 'avg_confidence': 1.0}}",
1000584,54.0,2.0,3.0,0.0,0.0,False,1.0,"{'level_2': {'tests_performed': 3, 'matches': 0, 'match_rate': 0.0, 'avg_difference': nan, 'avg_confidence': 1.0}}",
1000585,33.0,3.0,1.0,0.0,0.0,False,1.0,"{'level_2': {'tests_performed': 1, 'matches': 0, 'match_rate': 0.0, 'avg_difference': nan, 'avg_confidence': 0.8100000000000002}}",
1000586,180.0,3.0,7.0,1.0,0.14285714285714285,False,1.0,"{'level_2': {'tests_performed': 7, 'matches': 1, 'match_rate': 0.14285714285714285, 'avg_difference': 370.14285714285717, 'avg_confidence': 1.0}}",
1000587,41.0,2.0,2.0,1.0,0.5,False,1.0,"{'level_2': {'tests_performed': 2, 'matches': 1, 'match_rate': 0.5, 'avg_difference': nan, 'avg_confidence': 1.0}}",
1000588,189.0,1.0,0.0,0.0,0.0,False,0.0,{},
1000589,49.0,2.0,2.0,1.0,0.5,False,1.0,"{'level_2': {'tests_performed': 2, 'matches': 1, 'match_rate': 0.5, 'avg_difference': nan, 'avg_confidence': 1.0}}",
1000590,75.0,3.0,6.0,2.0,0.3333333333333333,False,1.0,"{'level_2': {'tests_performed': 6, 'matches': 2, 'match_rate': 0.3333333333333333, 'avg_difference': nan, 'avg_confidence': 1.0}}",
1000591,92.0,3.0,8.0,4.0,0.5,True,2.0,"{'level_2': {'tests_performed': 6, 'matches': 2, 'match_rate': 0.3333333333333333, 'avg_difference': nan, 'avg_confidence': 0.78125}, 'level_3': {'tests_performed': 2, 'matches': 2, 'match_rate': 1.0, 'avg_difference': 0.5, 'avg_confidence': 1.0}}",
1000592,51.0,3.0,16.0,1.0,0.0625,False,1.0,"{'level_2': {'tests_performed': 16, 'matches': 1, 'match_rate': 0.0625, 'avg_difference': nan, 'avg_confidence': 0.7374999999999998}}",
1000593,100.0,1.0,0.0,0.0,0.0,False,0.0,{},
1000595,14.0,3.0,3.0,0.0,0.0,True,2.0,"{'level_2': {'tests_performed': 2, 'matches': 0, 'match_rate': 0.0, 'avg_difference': 301.0, 'avg_confidence': 0.9428571428571428}, 'level_3': {'tests_performed': 1, 'matches': 0, 'match_rate': 0.0, 'avg_difference': 498.0, 'avg_confidence': 0.81}}",
1000597,90.0,3.0,4.0,0.0,0.0,True,2.0,"{'level_2': {'tests_performed': 3, 'matches': 0, 'match_rate': 0.0, 'avg_difference': nan, 'avg_confidence': 0.6833333333333335}, 'level_3': {'tests_performed': 1, 'matches': 0, 'match_rate': 0.0, 'avg_difference': 2.0, 'avg_confidence': 0.7200000000000001}}",
1000598,176.0,4.0,35.0,3.0,0.08571428571428572,True,3.0,"{'level_2': {'tests_performed': 30, 'matches': 3, 'match_rate': 0.1, 'avg_difference': nan, 'avg_confidence': 0.7972738095238093}, 'level_3': {'tests_performed': 4, 'matches': 0, 'match_rate': 0.0, 'avg_difference': nan, 'avg_confidence': 0.6782142857142857}, 'level_4': {'tests_performed': 1, 'matches': 0, 'match_rate': 0.0, 'avg_difference': 300.0, 'avg_confidence': 0.3}}",
1000599,48.0,3.0,2.0,1.0,0.5,False,1.0,"{'level_2': {'tests_performed': 2, 'matches': 1, 'match_rate': 0.5, 'avg_difference': 150.0, 'avg_confidence': 0.8600000000000001}}",
1000600,15.0,2.0,1.0,0.0,0.0,False,1.0,"{'level_2': {'tests_performed': 1, 'matches': 0, 'match_rate': 0.0, 'avg_difference': nan, 'avg_confidence': 1.0}}",
1000601,47.0,3.0,18.0,2.0,0.1111111111111111,True,2.0,"{'level_2': {'tests_performed': 14, 'matches': 1, 'match_rate': 0.07142857142857142, 'avg_difference': nan, 'avg_confidence': 0.7675}, 'level_3': {'tests_performed': 4, 'matches': 1, 'match_rate': 0.25, 'avg_difference': 149.75, 'avg_confidence': 0.68125}}",
1000602,15.0,2.0,2.0,0.0,0.0,False,1.0,"{'level_2': {'tests_performed': 2, 'matches': 0, 'match_rate': 0.0, 'avg_difference': nan, 'avg_confidence': 1.0}}",
1000603,490.0,5.0,159.0,21.0,0.1320754716981132,True,3.0,"{'level_2': {'tests_performed': 93, 'matches': 14, 'match_rate': 0.15053763440860216, 'avg_difference': nan, 'avg_confidence': 0.8055708518749688}, 'level_3': {'tests_performed': 59, 'matches': 6, 'match_rate': 0.1016949152542373, 'avg_difference': nan, 'avg_confidence': 0.8232939094803503}, 'level_4': {'tests_performed': 7, 'matches': 1, 'match_rate': 0.14285714285714285, 'avg_difference': nan, 'avg_confidence': 0.7785714285714286}}",
1000604,237.0,2.0,0.0,0.0,0.0,False,0.0,{},
1000605,213.0,2.0,0.0,0.0,0.0,False,0.0,{},
1000606,25.0,3.0,0.0,0.0,0.0,False,0.0,{},
1000607,174.0,3.0,27.0,3.0,0.1111111111111111,True,2.0,"{'level_2': {'tests_performed': 24, 'matches': 1, 'match_rate': 0.041666666666666664, 'avg_difference': nan, 'avg_confidence': 0.8370386904761906}, 'level_3': {'tests_performed': 3, 'matches': 2, 'match_rate': 0.6666666666666666, 'avg_difference': 66.66666666666667, 'avg_confidence': 0.7404761904761905}}",
1000608,88.0,2.0,1.0,0.0,0.0,False,1.0,"{'level_2': {'tests_performed': 1, 'matches': 0, 'match_rate': 0.0, 'avg_difference': nan, 'avg_confidence': 1.0}}",
1000609,131.0,4.0,6.0,2.0,0.3333333333333333,True,2.0,"{'level_2': {'tests_performed': 4, 'matches': 0, 'match_rate': 0.0, 'avg_difference': nan, 'avg_confidence': 0.6749999999999999}, 'level_3': {'tests_performed': 2, 'matches': 2, 'match_rate': 1.0, 'avg_difference': 0.0, 'avg_confidence': 1.0}}",
1000610,169.0,4.0,22.0,1.0,0.045454545454545456,True,3.0,"{'level_2': {'tests_performed': 20, 'matches': 1, 'match_rate': 0.05, 'avg_difference': nan, 'avg_confidence': 0.8100681818181819}, 'level_3': {'tests_performed': 1, 'matches': 0, 'match_rate': 0.0, 'avg_difference': 600.0, 'avg_confidence': 0.84375}, 'level_4': {'tests_performed': 1, 'matches': 0, 'match_rate': 0.0, 'avg_difference': 801.0, 'avg_confidence': 1.0}}",
1000611,330.0,3.0,22.0,2.0,0.09090909090909091,True,2.0,"{'level_2': {'tests_performed': 21, 'matches': 2, 'match_rate': 0.09523809523809523, 'avg_difference': nan, 'avg_confidence': 0.8916071428571428}, 'level_3': {'tests_performed': 1, 'matches': 0, 'match_rate': 0.0, 'avg_difference': 400.0, 'avg_confidence': 0.675}}",
1000612,381.0,3.0,121.0,13.0,0.10743801652892562,True,2.0,"{'level_2': {'tests_performed': 111, 'matches': 12, 'match_rate': 0.10810810810810811, 'avg_difference': nan, 'avg_confidence': 0.791854354354354}, 'level_3': {'tests_performed': 10, 'matches': 1, 'match_rate': 0.1, 'avg_difference': nan, 'avg_confidence': 0.706642857142857}}",
1000613,92.0,4.0,27.0,11.0,0.4074074074074074,True,3.0,"{'level_2': {'tests_performed': 12, 'matches': 1, 'match_rate': 0.08333333333333333, 'avg_difference': nan, 'avg_confidence': 0.9441964285714285}, 'level_3': {'tests_performed': 10, 'matches': 5, 'match_rate': 0.5, 'avg_difference': 80.0, 'avg_confidence': 0.9771428571428572}, 'level_4': {'tests_performed': 5, 'matches': 5, 'match_rate': 1.0, 'avg_difference': 0.0, 'avg_confidence': 1.0}}",
1000614,362.0,3.0,45.0,6.0,0.13333333333333333,True,2.0,"{'level_2': {'tests_performed': 41, 'matches': 6, 'match_rate': 0.14634146341463414, 'avg_difference': nan, 'avg_confidence': 0.8602439024390245}, 'level_3': {'tests_performed': 4, 'matches': 0, 'match_rate': 0.0, 'avg_difference': nan, 'avg_confidence': 1.0}}",
1000615,87.0,2.0,0.0,0.0,0.0,False,0.0,{},
1000616,124.0,2.0,0.0,0.0,0.0,False,0.0,{},
1000617,94.0,2.0,0.0,0.0,0.0,False,0.0,{},
1000618,133.0,3.0,16.0,0.0,0.0,False,1.0,"{'level_2': {'tests_performed': 16, 'matches': 0, 'match_rate': 0.0, 'avg_difference': nan, 'avg_confidence': 0.8589543269230769}}",
1000619,125.0,2.0,5.0,0.0,0.0,False,1.0,"{'level_2': {'tests_performed': 5, 'matches': 0, 'match_rate': 0.0, 'avg_difference': 639.8, 'avg_confidence': 0.9349999999999999}}",
1000620,15.0,2.0,2.0,1.0,0.5,False,1.0,"{'level_2': {'tests_performed': 2, 'matches': 1, 'match_rate': 0.5, 'avg_difference': 100.0, 'avg_confidence': 1.0}}",
1000621,21.0,3.0,8.0,1.0,0.125,True,2.0,"{'level_2': {'tests_performed': 7, 'matches': 1, 'match_rate': 0.14285714285714285, 'avg_difference': 242.57142857142858, 'avg_confidence': 0.9196428571428571}, 'level_3': {'tests_performed': 1, 'matches': 0, 'match_rate': 0.0, 'avg_difference': 200.0, 'avg_confidence': 0.675}}",
1000622,247.0,4.0,21.0,6.0,0.2857142857142857,True,2.0,"{'level_2': {'tests_performed': 20, 'matches': 6, 'match_rate': 0.3, 'avg_difference': nan, 'avg_confidence': 0.8462499999999998}, 'level_3': {'tests_performed': 1, 'matches': 0, 'match_rate': 0.0, 'avg_difference': 99.0, 'avg_confidence': 1.0}}",
1000623,322.0,3.0,17.0,2.0,0.11764705882352941,True,2.0,"{'level_2': {'tests_performed': 10, 'matches': 0, 'match_rate': 0.0, 'avg_difference': 498.3, 'avg_confidence': 0.7825}, 'level_3': {'tests_performed': 7, 'matches': 2, 'match_rate': 0.2857142857142857, 'avg_difference': nan, 'avg_confidence': 0.7285714285714285}}",
1000624,250.0,5.0,60.0,4.0,0.06666666666666667,True,3.0,"{'level_2': {'tests_performed': 25, 'matches': 1, 'match_rate': 0.04, 'avg_difference': nan, 'avg_confidence': 0.8561469780219779}, 'level_3': {'tests_performed': 30, 'matches': 3, 'match_rate': 0.1, 'avg_difference': nan, 'avg_confidence': 0.7137003968253968}, 'level_4': {'tests_performed': 5, 'matches': 0, 'match_rate': 0.0, 'avg_difference': nan, 'avg_confidence': 0.8140000000000001}}",
1000625,36.0,1.0,0.0,0.0,0.0,False,0.0,{},
1000626,4.0,1.0,0.0,0.0,0.0,False,0.0,{},
1000627,8.0,1.0,0.0,0.0,0.0,False,0.0,{},
1000628,32.0,3.0,5.0,1.0,0.2,True,2.0,"{'level_2': {'tests_performed': 3, 'matches': 1, 'match_rate': 0.3333333333333333, 'avg_difference': nan, 'avg_confidence': 0.9083333333333333}, 'level_3': {'tests_performed': 2, 'matches': 0, 'match_rate': 0.0, 'avg_difference': nan, 'avg_confidence': 0.725}}",
1000629,193.0,3.0,27.0,1.0,0.037037037037037035,True,2.0,"{'level_2': {'tests_performed': 26, 'matches': 1, 'match_rate': 0.038461538461538464, 'avg_difference': nan, 'avg_confidence': 0.9115384615384615}, 'level_3': {'tests_performed': 1, 'matches': 0, 'match_rate': 0.0, 'avg_difference': nan, 'avg_confidence': 1.0}}",
1000630,13.0,2.0,0.0,0.0,0.0,False,0.0,{},
1000631,6.0,2.0,2.0,0.0,0.0,False,1.0,"{'level_2': {'tests_performed': 2, 'matches': 0, 'match_rate': 0.0, 'avg_difference': 900.0, 'avg_confidence': 1.0}}",
1000632,6.0,1.0,0.0,0.0,0.0,False,0.0,{},
1000633,95.0,3.0,12.0,4.0,0.3333333333333333,True,2.0,"{'level_2': {'tests_performed': 10, 'matches': 3, 'match_rate': 0.3, 'avg_difference': nan, 'avg_confidence': 0.945}, 'level_3': {'tests_performed': 2, 'matches': 1, 'match_rate': 0.5, 'avg_difference': nan, 'avg_confidence': 1.0}}",
1000634,374.0,4.0,65.0,6.0,0.09230769230769231,True,3.0,"{'level_2': {'tests_performed': 55, 'matches': 5, 'match_rate': 0.09090909090909091, 'avg_difference': nan, 'avg_confidence': 0.8785454545454546}, 'level_3': {'tests_performed': 9, 'matches': 1, 'match_rate': 0.1111111111111111, 'avg_difference': nan, 'avg_confidence': 0.9555555555555555}, 'level_4': {'tests_performed': 1, 'matches': 0, 'match_rate': 0.0, 'avg_difference': nan, 'avg_confidence': 1.0}}",
1000635,126.0,4.0,13.0,4.0,0.3076923076923077,True,3.0,"{'level_2': {'tests_performed': 10, 'matches': 2, 'match_rate': 0.2, 'avg_difference': nan, 'avg_confidence': 1.0}, 'level_3': {'tests_performed': 2, 'matches': 2, 'match_rate': 1.0, 'avg_difference': 0.0, 'avg_confidence': 1.0}, 'level_4': {'tests_performed': 1, 'matches': 0, 'match_rate': 0.0, 'avg_difference': nan, 'avg_confidence': 1.0}}",
1000636,30.0,1.0,0.0,0.0,0.0,False,0.0,{},
1000637,78.0,3.0,7.0,3.0,0.42857142857142855,False,1.0,"{'level_2': {'tests_performed': 7, 'matches': 3, 'match_rate': 0.42857142857142855, 'avg_difference': nan, 'avg_confidence': 0.8102040816326531}}",
1000638,60.0,2.0,10.0,0.0,0.0,False,1.0,"{'level_2': {'tests_performed': 10, 'matches': 0, 'match_rate': 0.0, 'avg_difference': nan, 'avg_confidence': 1.0}}",
1000639,10.0,1.0,0.0,0.0,0.0,False,0.0,{},
1000640,9.0,1.0,0.0,0.0,0.0,False,0.0,{},
1000641,5.0,1.0,0.0,0.0,0.0,False,0.0,{},
1000642,13.0,2.0,0.0,0.0,0.0,False,0.0,{},
1000643,6.0,2.0,0.0,0.0,0.0,False,0.0,{},
1000644,4.0,2.0,1.0,1.0,1.0,False,1.0,"{'level_2': {'tests_performed': 1, 'matches': 1, 'match_rate': 1.0, 'avg_difference': 0.0, 'avg_confidence': 1.0}}",
1000645,11.0,2.0,3.0,0.0,0.0,False,1.0,"{'level_2': {'tests_performed': 3, 'matches': 0, 'match_rate': 0.0, 'avg_difference': nan, 'avg_confidence': 0.9490196078431373}}",
1000646,24.0,3.0,4.0,0.0,0.0,True,2.0,"{'level_2': {'tests_performed': 3, 'matches': 0, 'match_rate': 0.0, 'avg_difference': nan, 'avg_confidence': 1.0}, 'level_3': {'tests_performed': 1, 'matches': 0, 'match_rate': 0.0, 'avg_difference': nan, 'avg_confidence': 1.0}}",
1000647,74.0,4.0,8.0,3.0,0.375,True,2.0,"{'level_2': {'tests_performed': 7, 'matches': 3, 'match_rate': 0.42857142857142855, 'avg_difference': nan, 'avg_confidence': 0.7750000000000001}, 'level_3': {'tests_performed': 1, 'matches': 0, 'match_rate': 0.0, 'avg_difference': nan, 'avg_confidence': 1.0}}",
1000648,216.0,2.0,0.0,0.0,0.0,False,0.0,{},
1000649,32.0,1.0,0.0,0.0,0.0,False,0.0,{},
1000650,198.0,2.0,4.0,1.0,0.25,False,1.0,"{'level_2': {'tests_performed': 4, 'matches': 1, 'match_rate': 0.25, 'avg_difference': nan, 'avg_confidence': 1.0}}",
1000651,22.0,1.0,0.0,0.0,0.0,False,0.0,{},
1000652,14.0,1.0,0.0,0.0,0.0,False,0.0,{},
1000653,6.0,1.0,0.0,0.0,0.0,False,0.0,{},
1000654,57.0,2.0,0.0,0.0,0.0,False,0.0,{},
1000655,29.0,1.0,0.0,0.0,0.0,False,0.0,{},
1000656,35.0,1.0,0.0,0.0,0.0,False,0.0,{},
1000657,8.0,1.0,0.0,0.0,0.0,False,0.0,{},
1000658,272.0,3.0,26.0,3.0,0.11538461538461539,True,2.0,"{'level_2': {'tests_performed': 25, 'matches': 2, 'match_rate': 0.08, 'avg_difference': nan, 'avg_confidence': 0.8696571428571427}, 'level_3': {'tests_performed': 1, 'matches': 1, 'match_rate': 1.0, 'avg_difference': 0.0, 'avg_confidence': 1.0}}",
1000659,56.0,2.0,1.0,1.0,1.0,False,1.0,"{'level_2': {'tests_performed': 1, 'matches': 1, 'match_rate': 1.0, 'avg_difference': 0.0, 'avg_confidence': 1.0}}",
1000660,4.0,1.0,0.0,0.0,0.0,False,0.0,{},
1000661,5.0,1.0,0.0,0.0,0.0,False,0.0,{},
